invoice_id,date_key,service_id,region_id,cust_type_id,revenue_amount,days_outstanding
INV_0001,20251016,SRV_01,REG_02,CUST_02,12174.66,94
INV_0002,20250712,SRV_03,REG_02,CUST_01,40374.87,3
INV_0003,20250728,SRV_03,REG_01,CUST_01,58116.52,20
INV_0004,20251215,SRV_02,REG_01,CUST_01,11492.21,12
INV_0005,20250102,SRV_03,REG_03,CUST_02,13737.83,48
INV_0006,20240321,SRV_02,REG_01,CUST_02,18460.2,8
INV_0007,20240216,SRV_05,REG_02,CUST_01,31608.84,58
INV_0008,20251012,SRV_05,REG_01,CUST_02,70565.82,82
INV_0009,20240314,SRV_05,REG_03,CUST_03,23896.35,81
INV_0010,20251205,SRV_05,REG_04,CUST_01,62526.18,103
INV_0011,20241119,SRV_02,REG_01,CUST_01,50880.71,50
INV_0012,20251020,SRV_05,REG_01,CUST_02,45921.02,114
INV_0013,20250820,SRV_02,REG_03,CUST_01,57904.75,110
INV_0014,20240422,SRV_05,REG_04,CUST_03,31713.35,59
INV_0015,20250625,SRV_03,REG_04,CUST_02,66935.19,96
INV_0016,20240930,SRV_02,REG_03,CUST_01,36760.66,92
INV_0017,20240926,SRV_05,REG_01,CUST_02,40536.4,25
INV_0018,20240605,SRV_05,REG_04,CUST_02,27690.92,2
INV_0019,20240424,SRV_02,REG_04,CUST_01,56233.53,104
INV_0020,20240311,SRV_05,REG_03,CUST_02,16558.89,67
INV_0021,20250913,SRV_05,REG_02,CUST_02,26820.14,85
INV_0022,20251027,SRV_04,REG_02,CUST_01,9481.81,2
INV_0023,20250825,SRV_05,REG_04,CUST_01,9718.02,4
INV_0024,20241204,SRV_03,REG_02,CUST_02,14261.83,112
INV_0025,20250807,SRV_04,REG_03,CUST_01,11602.81,84
INV_0026,20250317,SRV_04,REG_04,CUST_02,50741.88,82
INV_0027,20240410,SRV_04,REG_04,CUST_01,18411.31,68
INV_0028,20250404,SRV_04,REG_03,CUST_01,66214.02,9
INV_0029,20250329,SRV_01,REG_04,CUST_01,69845.69,108
INV_0030,20240830,SRV_04,REG_03,CUST_01,16524.6,0
INV_0031,20250203,SRV_04,REG_03,CUST_01,18292.85,27
INV_0032,20240229,SRV_03,REG_01,CUST_01,8509.96,61
INV_0033,20250529,SRV_05,REG_04,CUST_01,9796.49,8
INV_0034,20251122,SRV_04,REG_02,CUST_02,46616.34,79
INV_0035,20240324,SRV_03,REG_01,CUST_01,51880.82,40
INV_0036,20240901,SRV_04,REG_01,CUST_03,27132.4,96
INV_0037,20240315,SRV_04,REG_04,CUST_01,42634.41,64
INV_0038,20240928,SRV_02,REG_01,CUST_03,16042.28,106
INV_0039,20250710,SRV_02,REG_04,CUST_02,62197.29,38
INV_0040,20251110,SRV_05,REG_02,CUST_03,24722.94,26
INV_0041,20241217,SRV_02,REG_04,CUST_01,49399.91,106
INV_0042,20241010,SRV_01,REG_01,CUST_01,56886.16,70
INV_0043,20251223,SRV_03,REG_04,CUST_02,68275.0,69
INV_0044,20240206,SRV_03,REG_04,CUST_03,30525.61,101
INV_0045,20240210,SRV_05,REG_01,CUST_02,66889.43,52
INV_0046,20250927,SRV_05,REG_02,CUST_01,66699.13,3
INV_0047,20240702,SRV_02,REG_02,CUST_03,16143.85,89
INV_0048,20240420,SRV_01,REG_03,CUST_03,26363.36,101
INV_0049,20240821,SRV_01,REG_01,CUST_01,72682.24,35
INV_0050,20241225,SRV_03,REG_01,CUST_01,13073.92,33
INV_0051,20240701,SRV_02,REG_03,CUST_03,55998.15,40
INV_0052,20250322,SRV_03,REG_02,CUST_03,8107.06,55
INV_0053,20240102,SRV_03,REG_02,CUST_03,35190.82,85
INV_0054,20241204,SRV_02,REG_01,CUST_02,26649.93,52
INV_0055,20241130,SRV_02,REG_03,CUST_02,57369.42,22
INV_0056,20250922,SRV_02,REG_01,CUST_03,19712.79,100
INV_0057,20250816,SRV_02,REG_02,CUST_02,38123.03,115
INV_0058,20240622,SRV_01,REG_01,CUST_01,62289.64,96
INV_0059,20240828,SRV_02,REG_04,CUST_01,22138.98,60
INV_0060,20250917,SRV_04,REG_02,CUST_02,53744.8,63
INV_0061,20250213,SRV_05,REG_04,CUST_03,20318.88,102
INV_0062,20251213,SRV_04,REG_02,CUST_01,36952.33,102
INV_0063,20250420,SRV_03,REG_03,CUST_02,62050.46,114
INV_0064,20250531,SRV_03,REG_03,CUST_03,23143.41,31
INV_0065,20251014,SRV_03,REG_03,CUST_01,54948.14,30
INV_0066,20241005,SRV_02,REG_02,CUST_01,31812.47,19
INV_0067,20251224,SRV_01,REG_03,CUST_03,9358.6,106
INV_0068,20250306,SRV_03,REG_03,CUST_03,5412.73,45
INV_0069,20241101,SRV_04,REG_02,CUST_03,20359.51,55
INV_0070,20250512,SRV_04,REG_03,CUST_02,16553.13,59
INV_0071,20240510,SRV_03,REG_03,CUST_02,44507.44,3
INV_0072,20240326,SRV_04,REG_03,CUST_01,8519.92,48
INV_0073,20241201,SRV_04,REG_03,CUST_03,57640.69,106
INV_0074,20250307,SRV_01,REG_04,CUST_03,20695.55,8
INV_0075,20251029,SRV_01,REG_04,CUST_02,15666.76,16
INV_0076,20250429,SRV_01,REG_01,CUST_03,16745.24,77
INV_0077,20240427,SRV_02,REG_04,CUST_03,45305.77,48
INV_0078,20250210,SRV_05,REG_02,CUST_01,53803.51,38
INV_0079,20251201,SRV_01,REG_04,CUST_03,42292.17,84
INV_0080,20250114,SRV_03,REG_03,CUST_03,12387.72,46
INV_0081,20251012,SRV_05,REG_01,CUST_02,61573.95,68
INV_0082,20250510,SRV_04,REG_01,CUST_01,63151.17,11
INV_0083,20241012,SRV_05,REG_03,CUST_03,7009.0,108
INV_0084,20241128,SRV_04,REG_01,CUST_03,66622.4,89
INV_0085,20241009,SRV_01,REG_02,CUST_02,33449.97,71
INV_0086,20240903,SRV_04,REG_04,CUST_01,25596.49,51
INV_0087,20251209,SRV_02,REG_01,CUST_03,74764.2,70
INV_0088,20241204,SRV_04,REG_04,CUST_02,18480.9,15
INV_0089,20250702,SRV_05,REG_03,CUST_03,55720.95,97
INV_0090,20250621,SRV_02,REG_01,CUST_01,30261.67,38
INV_0091,20240115,SRV_03,REG_04,CUST_01,43735.13,89
INV_0092,20240509,SRV_04,REG_04,CUST_02,24903.75,61
INV_0093,20250327,SRV_05,REG_03,CUST_01,62548.1,51
INV_0094,20250518,SRV_03,REG_02,CUST_02,71438.79,10
INV_0095,20240911,SRV_03,REG_02,CUST_02,31626.46,56
INV_0096,20241031,SRV_04,REG_04,CUST_01,48786.05,33
INV_0097,20251107,SRV_05,REG_02,CUST_01,33596.23,88
INV_0098,20250831,SRV_02,REG_01,CUST_02,24790.29,110
INV_0099,20250409,SRV_05,REG_02,CUST_03,13034.34,28
INV_0100,20251025,SRV_02,REG_02,CUST_03,46653.08,105
INV_0101,20250805,SRV_04,REG_01,CUST_02,33175.6,34
INV_0102,20250527,SRV_04,REG_03,CUST_02,27562.51,32
INV_0103,20240127,SRV_05,REG_04,CUST_02,62499.49,73
INV_0104,20240211,SRV_04,REG_01,CUST_01,74786.18,55
INV_0105,20251012,SRV_01,REG_01,CUST_02,12321.99,20
INV_0106,20241203,SRV_04,REG_04,CUST_03,11164.19,32
INV_0107,20241127,SRV_04,REG_04,CUST_02,65855.72,59
INV_0108,20250227,SRV_05,REG_03,CUST_02,35942.87,6
INV_0109,20240727,SRV_03,REG_01,CUST_03,66659.26,62
INV_0110,20240504,SRV_03,REG_01,CUST_02,5957.21,52
INV_0111,20240405,SRV_01,REG_02,CUST_03,70285.71,37
INV_0112,20250605,SRV_02,REG_03,CUST_01,36975.05,18
INV_0113,20250127,SRV_03,REG_04,CUST_03,59087.26,109
INV_0114,20250228,SRV_03,REG_01,CUST_02,45594.64,84
INV_0115,20250516,SRV_04,REG_03,CUST_03,70299.66,111
INV_0116,20240712,SRV_05,REG_03,CUST_01,27272.34,60
INV_0117,20251223,SRV_04,REG_02,CUST_03,72537.71,16
INV_0118,20250529,SRV_02,REG_03,CUST_01,41816.58,58
INV_0119,20240116,SRV_05,REG_02,CUST_01,37864.34,33
INV_0120,20241212,SRV_04,REG_03,CUST_03,48875.94,113
INV_0121,20250514,SRV_01,REG_01,CUST_01,57273.65,55
INV_0122,20240410,SRV_01,REG_04,CUST_01,27706.23,7
INV_0123,20241027,SRV_02,REG_03,CUST_02,52726.03,23
INV_0124,20240623,SRV_01,REG_02,CUST_03,68898.03,18
INV_0125,20240825,SRV_02,REG_03,CUST_03,52432.76,20
INV_0126,20240316,SRV_02,REG_03,CUST_02,22506.88,108
INV_0127,20241105,SRV_04,REG_03,CUST_02,30127.14,37
INV_0128,20251217,SRV_01,REG_01,CUST_01,44615.03,87
INV_0129,20240220,SRV_04,REG_02,CUST_02,61135.24,28
INV_0130,20251013,SRV_03,REG_02,CUST_02,11801.48,80
INV_0131,20251023,SRV_02,REG_01,CUST_02,14198.83,37
INV_0132,20241130,SRV_04,REG_02,CUST_02,66352.24,46
INV_0133,20250627,SRV_02,REG_03,CUST_03,57259.15,43
INV_0134,20240427,SRV_01,REG_02,CUST_02,55695.17,50
INV_0135,20250724,SRV_01,REG_04,CUST_03,30801.0,95
INV_0136,20251119,SRV_03,REG_01,CUST_01,52238.56,60
INV_0137,20240126,SRV_03,REG_04,CUST_02,62669.87,89
INV_0138,20241105,SRV_04,REG_04,CUST_01,26305.52,63
INV_0139,20240428,SRV_05,REG_03,CUST_03,51934.04,95
INV_0140,20251214,SRV_04,REG_03,CUST_02,11931.51,62
INV_0141,20250922,SRV_02,REG_01,CUST_01,36036.82,30
INV_0142,20250106,SRV_02,REG_01,CUST_01,32869.77,24
INV_0143,20240505,SRV_01,REG_04,CUST_01,60075.62,31
INV_0144,20240508,SRV_05,REG_02,CUST_02,20116.59,111
INV_0145,20240826,SRV_05,REG_01,CUST_01,74126.91,69
INV_0146,20240913,SRV_01,REG_04,CUST_03,60298.93,30
INV_0147,20250825,SRV_01,REG_04,CUST_01,56920.26,67
INV_0148,20240426,SRV_01,REG_04,CUST_03,40268.71,78
INV_0149,20240214,SRV_03,REG_04,CUST_01,74901.07,108
INV_0150,20250215,SRV_01,REG_04,CUST_01,27547.83,18
INV_0151,20240308,SRV_02,REG_01,CUST_03,74623.94,67
INV_0152,20241028,SRV_03,REG_04,CUST_02,50564.17,98
INV_0153,20250718,SRV_05,REG_03,CUST_03,62919.35,51
INV_0154,20250301,SRV_01,REG_01,CUST_03,71751.48,87
INV_0155,20250430,SRV_01,REG_04,CUST_02,56715.72,103
INV_0156,20240513,SRV_01,REG_01,CUST_02,13556.19,45
INV_0157,20251112,SRV_01,REG_01,CUST_01,45454.3,27
INV_0158,20240607,SRV_04,REG_01,CUST_01,58382.39,73
INV_0159,20240819,SRV_03,REG_04,CUST_02,70035.9,106
INV_0160,20251211,SRV_01,REG_01,CUST_03,29571.64,23
INV_0161,20240526,SRV_04,REG_04,CUST_01,57227.82,27
INV_0162,20250120,SRV_04,REG_01,CUST_02,46735.66,113
INV_0163,20240223,SRV_05,REG_04,CUST_03,36017.91,54
INV_0164,20250512,SRV_04,REG_04,CUST_03,35093.95,36
INV_0165,20251125,SRV_03,REG_04,CUST_01,32668.44,76
INV_0166,20240226,SRV_05,REG_02,CUST_03,25261.3,15
INV_0167,20240108,SRV_04,REG_03,CUST_02,54256.99,64
INV_0168,20250726,SRV_02,REG_04,CUST_03,6311.91,9
INV_0169,20241116,SRV_04,REG_03,CUST_03,13062.14,2
INV_0170,20241128,SRV_03,REG_01,CUST_01,35569.82,13
INV_0171,20240906,SRV_03,REG_01,CUST_02,28765.93,42
INV_0172,20240621,SRV_03,REG_02,CUST_03,29576.98,104
INV_0173,20251022,SRV_05,REG_01,CUST_01,17144.93,19
INV_0174,20251102,SRV_05,REG_03,CUST_02,58191.4,57
INV_0175,20251128,SRV_03,REG_01,CUST_01,35783.4,60
INV_0176,20250328,SRV_02,REG_01,CUST_02,10193.35,59
INV_0177,20250407,SRV_01,REG_04,CUST_02,46585.59,49
INV_0178,20250418,SRV_03,REG_04,CUST_03,68633.5,73
INV_0179,20251029,SRV_02,REG_04,CUST_03,12245.13,115
INV_0180,20241217,SRV_01,REG_02,CUST_02,35643.08,56
INV_0181,20250620,SRV_03,REG_01,CUST_03,32119.16,99
INV_0182,20241212,SRV_03,REG_01,CUST_01,28078.35,71
INV_0183,20251125,SRV_02,REG_02,CUST_03,10705.14,84
INV_0184,20240524,SRV_02,REG_03,CUST_01,46652.89,10
INV_0185,20241113,SRV_04,REG_02,CUST_02,54198.16,94
INV_0186,20251202,SRV_01,REG_01,CUST_01,30381.84,23
INV_0187,20240807,SRV_04,REG_02,CUST_01,10401.56,108
INV_0188,20240413,SRV_03,REG_04,CUST_02,28573.51,98
INV_0189,20250924,SRV_03,REG_02,CUST_02,35637.14,52
INV_0190,20250108,SRV_05,REG_03,CUST_01,42380.78,39
INV_0191,20250425,SRV_02,REG_03,CUST_03,58860.7,99
INV_0192,20250126,SRV_03,REG_02,CUST_02,14687.9,32
INV_0193,20240223,SRV_04,REG_04,CUST_02,64212.46,108
INV_0194,20240507,SRV_01,REG_02,CUST_03,11419.95,28
INV_0195,20250406,SRV_01,REG_01,CUST_01,32031.63,10
INV_0196,20250118,SRV_01,REG_01,CUST_01,14631.97,36
INV_0197,20250428,SRV_05,REG_04,CUST_01,6330.27,27
INV_0198,20240602,SRV_03,REG_01,CUST_01,26080.58,6
INV_0199,20240901,SRV_03,REG_03,CUST_02,42523.76,80
INV_0200,20250611,SRV_05,REG_04,CUST_02,29697.12,73
INV_0201,20250302,SRV_01,REG_04,CUST_03,66133.2,5
INV_0202,20251012,SRV_02,REG_04,CUST_03,21878.81,84
INV_0203,20251005,SRV_03,REG_04,CUST_03,43220.96,104
INV_0204,20251020,SRV_04,REG_02,CUST_01,9417.04,99
INV_0205,20250413,SRV_02,REG_04,CUST_03,70335.97,65
INV_0206,20250211,SRV_04,REG_02,CUST_03,29988.19,99
INV_0207,20240218,SRV_02,REG_03,CUST_03,57031.54,114
INV_0208,20250130,SRV_05,REG_01,CUST_01,55895.69,10
INV_0209,20250316,SRV_05,REG_04,CUST_03,51264.35,39
INV_0210,20250401,SRV_04,REG_03,CUST_03,36299.08,93
INV_0211,20241227,SRV_04,REG_04,CUST_01,51982.87,51
INV_0212,20250107,SRV_05,REG_03,CUST_01,13836.1,30
INV_0213,20251022,SRV_02,REG_02,CUST_02,36494.58,47
INV_0214,20250115,SRV_01,REG_03,CUST_03,50469.25,31
INV_0215,20240426,SRV_05,REG_04,CUST_03,59247.51,90
INV_0216,20250401,SRV_03,REG_03,CUST_01,13584.62,109
INV_0217,20240316,SRV_05,REG_04,CUST_02,72729.29,40
INV_0218,20251114,SRV_01,REG_01,CUST_01,54826.64,89
INV_0219,20251015,SRV_02,REG_02,CUST_01,21571.53,63
INV_0220,20240127,SRV_03,REG_02,CUST_02,66897.25,8
INV_0221,20241112,SRV_04,REG_04,CUST_01,73066.58,82
INV_0222,20240316,SRV_04,REG_02,CUST_01,35283.28,111
INV_0223,20240226,SRV_03,REG_02,CUST_01,27586.25,90
INV_0224,20240818,SRV_03,REG_01,CUST_01,49454.0,70
INV_0225,20241008,SRV_02,REG_02,CUST_02,70912.49,19
INV_0226,20240624,SRV_03,REG_04,CUST_01,10685.6,82
INV_0227,20250813,SRV_05,REG_04,CUST_03,67229.78,69
INV_0228,20241023,SRV_02,REG_03,CUST_03,36748.09,88
INV_0229,20240302,SRV_04,REG_01,CUST_02,15056.81,110
INV_0230,20241122,SRV_02,REG_01,CUST_02,44315.59,40
INV_0231,20240904,SRV_01,REG_04,CUST_01,25314.84,49
INV_0232,20250922,SRV_05,REG_01,CUST_02,55478.99,24
INV_0233,20240612,SRV_03,REG_03,CUST_01,11303.44,50
INV_0234,20250601,SRV_05,REG_04,CUST_03,39642.59,112
INV_0235,20251031,SRV_04,REG_04,CUST_03,14375.45,33
INV_0236,20250109,SRV_02,REG_04,CUST_02,44327.18,46
INV_0237,20250720,SRV_01,REG_01,CUST_02,52627.9,15
INV_0238,20240511,SRV_04,REG_01,CUST_01,18934.05,65
INV_0239,20250215,SRV_01,REG_02,CUST_02,28312.85,60
INV_0240,20250615,SRV_05,REG_01,CUST_02,27297.1,50
INV_0241,20250923,SRV_02,REG_03,CUST_02,44404.7,60
INV_0242,20240118,SRV_02,REG_01,CUST_02,66046.94,80
INV_0243,20240128,SRV_04,REG_02,CUST_02,8594.86,61
INV_0244,20240623,SRV_03,REG_02,CUST_01,45079.92,89
INV_0245,20240422,SRV_01,REG_03,CUST_02,19272.42,64
INV_0246,20250918,SRV_01,REG_01,CUST_02,38485.97,48
INV_0247,20241117,SRV_04,REG_01,CUST_02,59039.28,92
INV_0248,20251128,SRV_02,REG_02,CUST_03,44066.07,28
INV_0249,20241031,SRV_05,REG_03,CUST_03,44234.13,101
INV_0250,20241007,SRV_01,REG_03,CUST_03,71822.62,102
INV_0251,20240529,SRV_01,REG_01,CUST_03,50918.04,95
INV_0252,20250505,SRV_05,REG_01,CUST_01,12645.86,94
INV_0253,20250823,SRV_05,REG_02,CUST_02,21298.56,12
INV_0254,20250227,SRV_04,REG_02,CUST_01,72516.31,20
INV_0255,20250220,SRV_04,REG_01,CUST_03,24979.07,7
INV_0256,20240401,SRV_03,REG_04,CUST_01,34251.95,107
INV_0257,20240629,SRV_04,REG_01,CUST_01,5648.7,72
INV_0258,20250909,SRV_02,REG_03,CUST_01,64574.18,59
INV_0259,20241006,SRV_01,REG_01,CUST_02,18033.93,94
INV_0260,20241211,SRV_03,REG_03,CUST_03,41069.65,11
INV_0261,20250214,SRV_01,REG_02,CUST_03,27652.12,31
INV_0262,20240107,SRV_04,REG_01,CUST_03,45772.25,73
INV_0263,20240112,SRV_02,REG_04,CUST_03,26476.44,51
INV_0264,20251203,SRV_02,REG_01,CUST_03,48023.78,28
INV_0265,20240516,SRV_05,REG_01,CUST_03,54135.85,60
INV_0266,20250704,SRV_05,REG_04,CUST_02,36272.36,90
INV_0267,20250105,SRV_03,REG_02,CUST_02,42566.21,21
INV_0268,20241201,SRV_04,REG_02,CUST_02,45820.34,11
INV_0269,20250606,SRV_01,REG_03,CUST_02,9041.57,59
INV_0270,20251119,SRV_01,REG_02,CUST_02,10112.07,54
INV_0271,20241218,SRV_01,REG_04,CUST_03,7221.44,52
INV_0272,20240703,SRV_04,REG_03,CUST_03,31295.19,87
INV_0273,20251108,SRV_05,REG_02,CUST_02,32514.1,16
INV_0274,20240816,SRV_01,REG_03,CUST_02,31549.35,29
INV_0275,20240910,SRV_02,REG_02,CUST_02,58584.3,4
INV_0276,20251107,SRV_03,REG_04,CUST_01,19425.71,12
INV_0277,20250831,SRV_04,REG_04,CUST_01,56837.88,51
INV_0278,20250325,SRV_03,REG_04,CUST_01,40272.71,37
INV_0279,20240827,SRV_03,REG_01,CUST_01,26123.51,18
INV_0280,20251107,SRV_05,REG_02,CUST_02,52512.51,71
INV_0281,20250522,SRV_02,REG_01,CUST_02,34142.72,19
INV_0282,20241103,SRV_05,REG_02,CUST_03,65027.89,18
INV_0283,20250419,SRV_03,REG_02,CUST_03,22000.1,26
INV_0284,20241204,SRV_01,REG_04,CUST_02,55720.93,24
INV_0285,20240222,SRV_04,REG_04,CUST_01,61325.54,75
INV_0286,20251118,SRV_05,REG_01,CUST_03,71991.38,1
INV_0287,20240804,SRV_01,REG_02,CUST_02,47308.11,26
INV_0288,20250210,SRV_03,REG_03,CUST_02,50410.49,39
INV_0289,20240924,SRV_03,REG_03,CUST_03,69003.13,47
INV_0290,20241116,SRV_01,REG_02,CUST_01,23254.19,74
INV_0291,20250816,SRV_04,REG_02,CUST_03,44885.27,31
INV_0292,20250526,SRV_02,REG_03,CUST_03,16776.36,101
INV_0293,20241226,SRV_05,REG_04,CUST_02,7367.66,108
INV_0294,20240317,SRV_01,REG_02,CUST_01,54501.87,1
INV_0295,20240811,SRV_04,REG_03,CUST_02,39149.81,0
INV_0296,20250628,SRV_04,REG_01,CUST_02,73423.55,2
INV_0297,20250529,SRV_04,REG_04,CUST_01,41706.98,30
INV_0298,20240715,SRV_03,REG_03,CUST_01,31113.61,51
INV_0299,20250415,SRV_05,REG_04,CUST_02,74417.23,83
INV_0300,20240202,SRV_04,REG_04,CUST_02,5661.51,21
INV_0301,20240325,SRV_04,REG_04,CUST_02,69340.66,29
INV_0302,20240804,SRV_03,REG_04,CUST_02,69790.94,115
INV_0303,20250710,SRV_01,REG_01,CUST_01,72302.84,75
INV_0304,20240527,SRV_04,REG_02,CUST_02,63425.54,49
INV_0305,20251124,SRV_02,REG_04,CUST_02,57181.96,44
INV_0306,20240224,SRV_04,REG_03,CUST_03,7073.8,34
INV_0307,20250406,SRV_05,REG_03,CUST_01,52578.64,84
INV_0308,20250124,SRV_03,REG_04,CUST_01,23758.04,48
INV_0309,20251229,SRV_05,REG_04,CUST_01,5363.67,39
INV_0310,20250331,SRV_02,REG_04,CUST_01,35168.57,71
INV_0311,20250722,SRV_04,REG_04,CUST_03,43795.39,76
INV_0312,20250904,SRV_04,REG_03,CUST_03,59541.84,92
INV_0313,20250726,SRV_03,REG_02,CUST_01,23824.33,34
INV_0314,20250519,SRV_01,REG_01,CUST_03,25982.66,100
INV_0315,20240319,SRV_02,REG_03,CUST_02,48166.82,58
INV_0316,20240419,SRV_02,REG_03,CUST_03,63912.94,48
INV_0317,20241203,SRV_02,REG_02,CUST_03,27446.56,88
INV_0318,20240724,SRV_02,REG_03,CUST_03,25401.37,88
INV_0319,20251010,SRV_03,REG_01,CUST_03,30551.09,72
INV_0320,20240723,SRV_03,REG_04,CUST_02,37313.56,90
INV_0321,20240802,SRV_02,REG_03,CUST_02,39951.23,81
INV_0322,20241106,SRV_02,REG_03,CUST_01,36434.67,76
INV_0323,20250505,SRV_04,REG_03,CUST_02,7573.56,46
INV_0324,20251219,SRV_03,REG_02,CUST_02,51528.57,21
INV_0325,20251024,SRV_01,REG_03,CUST_03,72600.17,55
INV_0326,20240418,SRV_01,REG_02,CUST_03,31188.37,59
INV_0327,20251126,SRV_03,REG_04,CUST_03,12318.46,53
INV_0328,20240328,SRV_05,REG_02,CUST_02,38804.82,60
INV_0329,20240409,SRV_04,REG_04,CUST_01,64442.6,82
INV_0330,20240421,SRV_05,REG_02,CUST_02,16209.5,71
INV_0331,20250312,SRV_05,REG_02,CUST_02,51011.55,50
INV_0332,20240130,SRV_03,REG_03,CUST_03,5311.5,27
INV_0333,20240729,SRV_01,REG_02,CUST_03,27818.94,58
INV_0334,20240426,SRV_04,REG_03,CUST_02,32478.08,14
INV_0335,20241222,SRV_04,REG_01,CUST_02,46311.79,86
INV_0336,20240517,SRV_01,REG_01,CUST_02,14895.1,49
INV_0337,20250304,SRV_05,REG_03,CUST_02,42616.55,82
INV_0338,20240626,SRV_05,REG_01,CUST_03,48358.7,110
INV_0339,20250102,SRV_04,REG_03,CUST_02,40380.66,63
INV_0340,20250222,SRV_04,REG_03,CUST_01,10786.94,3
INV_0341,20240813,SRV_01,REG_02,CUST_03,44595.53,98
INV_0342,20250522,SRV_03,REG_04,CUST_03,59257.91,105
INV_0343,20250110,SRV_01,REG_02,CUST_03,12169.15,106
INV_0344,20251031,SRV_02,REG_01,CUST_03,65353.97,11
INV_0345,20250325,SRV_05,REG_01,CUST_02,47718.33,54
INV_0346,20240618,SRV_05,REG_04,CUST_02,29557.08,35
INV_0347,20250903,SRV_05,REG_01,CUST_02,23714.01,109
INV_0348,20250610,SRV_01,REG_03,CUST_01,74474.04,110
INV_0349,20251102,SRV_05,REG_02,CUST_02,32489.05,18
INV_0350,20250814,SRV_02,REG_04,CUST_02,60621.9,98
INV_0351,20240405,SRV_03,REG_01,CUST_03,71517.79,41
INV_0352,20250818,SRV_01,REG_01,CUST_01,60697.45,50
INV_0353,20240811,SRV_05,REG_01,CUST_03,43311.74,16
INV_0354,20250802,SRV_02,REG_04,CUST_01,48832.57,107
INV_0355,20250415,SRV_01,REG_03,CUST_01,74428.68,54
INV_0356,20240726,SRV_05,REG_01,CUST_01,50821.16,32
INV_0357,20240325,SRV_05,REG_01,CUST_02,53960.9,29
INV_0358,20250315,SRV_01,REG_03,CUST_01,14288.99,28
INV_0359,20250615,SRV_04,REG_01,CUST_01,74170.84,54
INV_0360,20251211,SRV_04,REG_03,CUST_01,56153.44,13
INV_0361,20240415,SRV_02,REG_02,CUST_02,74505.81,18
INV_0362,20240311,SRV_03,REG_02,CUST_03,29583.14,27
INV_0363,20251005,SRV_05,REG_03,CUST_01,11068.16,12
INV_0364,20240523,SRV_03,REG_03,CUST_03,60375.37,31
INV_0365,20241010,SRV_01,REG_01,CUST_02,6877.71,108
INV_0366,20251105,SRV_05,REG_03,CUST_03,50231.88,100
INV_0367,20240902,SRV_04,REG_03,CUST_02,46575.08,67
INV_0368,20240113,SRV_02,REG_03,CUST_03,43244.94,22
INV_0369,20250427,SRV_01,REG_02,CUST_01,69580.55,101
INV_0370,20250211,SRV_02,REG_03,CUST_03,54126.74,10
INV_0371,20251017,SRV_03,REG_01,CUST_01,40791.33,26
INV_0372,20240608,SRV_02,REG_04,CUST_03,53907.31,93
INV_0373,20240901,SRV_05,REG_03,CUST_01,36736.03,77
INV_0374,20240226,SRV_05,REG_02,CUST_02,5794.54,63
INV_0375,20241221,SRV_03,REG_02,CUST_03,13885.14,99
INV_0376,20241002,SRV_01,REG_03,CUST_03,41669.79,33
INV_0377,20251230,SRV_01,REG_04,CUST_03,65155.18,21
INV_0378,20250111,SRV_02,REG_04,CUST_01,56854.6,0
INV_0379,20240215,SRV_05,REG_01,CUST_03,69415.86,22
INV_0380,20240206,SRV_04,REG_01,CUST_03,62819.79,73
INV_0381,20250116,SRV_03,REG_02,CUST_02,73698.97,51
INV_0382,20240311,SRV_02,REG_04,CUST_02,36972.23,47
INV_0383,20240724,SRV_03,REG_02,CUST_03,30779.15,63
INV_0384,20240719,SRV_03,REG_04,CUST_03,6673.72,69
INV_0385,20241220,SRV_01,REG_03,CUST_02,55905.05,13
INV_0386,20240729,SRV_05,REG_02,CUST_02,24587.77,5
INV_0387,20240825,SRV_04,REG_04,CUST_02,11690.39,17
INV_0388,20251014,SRV_01,REG_02,CUST_01,25417.32,108
INV_0389,20241118,SRV_02,REG_04,CUST_01,14527.83,98
INV_0390,20250821,SRV_05,REG_03,CUST_03,26982.33,15
INV_0391,20250702,SRV_05,REG_04,CUST_01,16033.08,87
INV_0392,20241107,SRV_03,REG_01,CUST_01,11384.9,31
INV_0393,20241230,SRV_03,REG_01,CUST_03,62406.27,22
INV_0394,20240201,SRV_04,REG_04,CUST_03,12133.51,101
INV_0395,20240523,SRV_01,REG_02,CUST_01,18869.31,51
INV_0396,20250116,SRV_01,REG_04,CUST_01,74801.3,25
INV_0397,20251023,SRV_05,REG_01,CUST_01,7988.74,59
INV_0398,20240221,SRV_03,REG_03,CUST_01,31791.06,54
INV_0399,20240625,SRV_05,REG_03,CUST_01,7425.46,79
INV_0400,20250923,SRV_02,REG_03,CUST_01,11140.51,49
INV_0401,20240520,SRV_05,REG_02,CUST_02,74586.11,69
INV_0402,20240120,SRV_02,REG_01,CUST_02,40167.53,49
INV_0403,20241003,SRV_01,REG_01,CUST_01,61605.77,60
INV_0404,20250626,SRV_03,REG_04,CUST_01,50980.51,34
INV_0405,20250630,SRV_01,REG_03,CUST_03,70464.42,108
INV_0406,20240626,SRV_05,REG_01,CUST_02,6974.46,89
INV_0407,20241226,SRV_03,REG_02,CUST_03,42948.72,22
INV_0408,20250517,SRV_01,REG_02,CUST_01,41851.4,0
INV_0409,20241205,SRV_05,REG_02,CUST_03,9168.92,18
INV_0410,20250823,SRV_05,REG_01,CUST_01,31151.35,84
INV_0411,20250209,SRV_01,REG_02,CUST_02,71408.55,101
INV_0412,20251016,SRV_02,REG_01,CUST_01,51587.22,104
INV_0413,20240628,SRV_02,REG_02,CUST_02,5125.85,89
INV_0414,20250809,SRV_03,REG_01,CUST_02,20462.67,72
INV_0415,20240416,SRV_05,REG_01,CUST_03,16752.12,113
INV_0416,20240331,SRV_02,REG_02,CUST_02,9745.63,32
INV_0417,20240420,SRV_01,REG_03,CUST_02,34375.73,21
INV_0418,20250227,SRV_04,REG_03,CUST_02,50567.87,87
INV_0419,20240818,SRV_04,REG_04,CUST_03,6405.46,33
INV_0420,20240417,SRV_02,REG_03,CUST_01,56238.96,70
INV_0421,20240405,SRV_03,REG_04,CUST_03,70970.96,21
INV_0422,20250913,SRV_05,REG_01,CUST_01,73207.89,52
INV_0423,20251214,SRV_03,REG_02,CUST_01,8474.48,73
INV_0424,20250716,SRV_05,REG_04,CUST_03,11133.99,105
INV_0425,20251108,SRV_03,REG_02,CUST_01,49673.35,10
INV_0426,20250429,SRV_02,REG_01,CUST_01,49930.65,49
INV_0427,20240708,SRV_04,REG_01,CUST_03,37554.06,28
INV_0428,20241002,SRV_01,REG_04,CUST_01,51769.88,103
INV_0429,20250708,SRV_03,REG_03,CUST_02,34304.25,68
INV_0430,20251204,SRV_03,REG_04,CUST_03,68194.4,91
INV_0431,20240205,SRV_03,REG_02,CUST_01,71447.84,57
INV_0432,20240626,SRV_05,REG_03,CUST_01,74179.6,55
INV_0433,20240725,SRV_05,REG_04,CUST_01,32166.94,50
INV_0434,20250719,SRV_02,REG_04,CUST_02,48614.06,66
INV_0435,20250305,SRV_04,REG_04,CUST_01,44387.86,12
INV_0436,20241019,SRV_02,REG_03,CUST_02,47627.35,4
INV_0437,20240625,SRV_04,REG_03,CUST_01,32705.49,112
INV_0438,20241205,SRV_05,REG_03,CUST_03,67792.2,2
INV_0439,20241211,SRV_02,REG_04,CUST_01,14406.99,95
INV_0440,20250329,SRV_02,REG_04,CUST_01,35920.16,105
INV_0441,20250220,SRV_04,REG_04,CUST_02,60404.33,8
INV_0442,20241114,SRV_03,REG_04,CUST_01,18493.44,106
INV_0443,20240724,SRV_05,REG_04,CUST_03,54324.38,35
INV_0444,20250112,SRV_03,REG_04,CUST_01,31072.67,76
INV_0445,20250401,SRV_04,REG_02,CUST_03,57427.28,88
INV_0446,20240402,SRV_01,REG_02,CUST_01,50316.59,86
INV_0447,20240730,SRV_04,REG_04,CUST_03,68806.08,82
INV_0448,20240626,SRV_01,REG_01,CUST_02,72691.71,82
INV_0449,20241008,SRV_04,REG_02,CUST_03,26150.16,66
INV_0450,20250930,SRV_03,REG_01,CUST_02,50313.95,77
INV_0451,20241016,SRV_01,REG_01,CUST_02,27759.59,35
INV_0452,20240924,SRV_02,REG_02,CUST_01,61380.09,102
INV_0453,20250906,SRV_02,REG_03,CUST_03,23159.84,53
INV_0454,20250218,SRV_01,REG_02,CUST_03,55858.49,28
INV_0455,20251203,SRV_04,REG_01,CUST_01,63844.71,112
INV_0456,20250725,SRV_02,REG_02,CUST_02,23105.63,103
INV_0457,20250726,SRV_02,REG_02,CUST_02,66000.26,53
INV_0458,20241205,SRV_02,REG_04,CUST_03,8757.39,81
INV_0459,20250820,SRV_03,REG_02,CUST_02,13387.12,87
INV_0460,20250125,SRV_02,REG_02,CUST_01,74464.35,43
INV_0461,20250223,SRV_04,REG_02,CUST_01,39130.66,80
INV_0462,20240630,SRV_01,REG_01,CUST_01,58283.53,21
INV_0463,20250813,SRV_04,REG_02,CUST_02,35359.8,54
INV_0464,20250217,SRV_04,REG_02,CUST_02,31117.1,1
INV_0465,20241125,SRV_05,REG_04,CUST_02,56352.23,28
INV_0466,20251211,SRV_02,REG_03,CUST_02,46206.95,21
INV_0467,20240307,SRV_02,REG_01,CUST_03,67158.18,17
INV_0468,20241216,SRV_02,REG_03,CUST_01,20989.28,93
INV_0469,20240514,SRV_01,REG_01,CUST_02,50537.83,4
INV_0470,20250119,SRV_02,REG_04,CUST_02,12567.94,107
INV_0471,20240121,SRV_01,REG_01,CUST_03,54130.78,26
INV_0472,20251212,SRV_01,REG_01,CUST_02,47394.4,17
INV_0473,20250304,SRV_03,REG_04,CUST_01,39841.73,77
INV_0474,20240723,SRV_03,REG_03,CUST_03,16226.15,70
INV_0475,20250523,SRV_04,REG_04,CUST_01,63466.25,85
INV_0476,20250520,SRV_01,REG_04,CUST_03,50103.58,58
INV_0477,20241030,SRV_04,REG_02,CUST_01,64657.41,46
INV_0478,20251124,SRV_04,REG_04,CUST_01,64639.91,84
INV_0479,20251024,SRV_02,REG_01,CUST_02,11506.59,104
INV_0480,20241216,SRV_01,REG_01,CUST_03,53293.17,61
INV_0481,20250307,SRV_05,REG_04,CUST_01,12259.92,75
INV_0482,20250509,SRV_04,REG_03,CUST_03,47795.09,110
INV_0483,20251201,SRV_05,REG_03,CUST_03,8218.06,33
INV_0484,20251101,SRV_01,REG_02,CUST_02,66120.05,66
INV_0485,20250619,SRV_03,REG_02,CUST_03,29202.46,86
INV_0486,20251018,SRV_05,REG_04,CUST_01,50037.91,20
INV_0487,20250601,SRV_04,REG_03,CUST_03,21862.43,35
INV_0488,20240221,SRV_05,REG_02,CUST_01,37136.62,102
INV_0489,20250809,SRV_01,REG_04,CUST_03,57166.73,2
INV_0490,20240415,SRV_04,REG_04,CUST_01,60424.83,79
INV_0491,20251014,SRV_03,REG_03,CUST_03,30433.97,6
INV_0492,20240816,SRV_02,REG_03,CUST_02,51001.7,91
INV_0493,20250408,SRV_01,REG_01,CUST_03,63091.87,102
INV_0494,20241025,SRV_03,REG_02,CUST_03,14831.44,91
INV_0495,20250223,SRV_02,REG_03,CUST_01,36993.22,100
INV_0496,20240714,SRV_02,REG_03,CUST_01,69863.86,107
INV_0497,20251119,SRV_01,REG_02,CUST_03,5303.63,94
INV_0498,20240219,SRV_04,REG_02,CUST_02,45498.81,93
INV_0499,20240511,SRV_04,REG_01,CUST_02,66697.34,53
INV_0500,20250915,SRV_05,REG_01,CUST_03,61335.78,17
INV_0501,20250226,SRV_03,REG_01,CUST_02,56577.31,70
INV_0502,20251009,SRV_05,REG_01,CUST_02,14287.02,90
INV_0503,20251027,SRV_03,REG_04,CUST_03,44359.61,74
INV_0504,20250807,SRV_04,REG_01,CUST_03,61581.33,66
INV_0505,20240419,SRV_04,REG_04,CUST_01,23688.48,100
INV_0506,20240613,SRV_02,REG_04,CUST_02,59905.02,26
INV_0507,20250708,SRV_02,REG_02,CUST_02,50298.36,49
INV_0508,20240831,SRV_02,REG_03,CUST_03,34159.64,100
INV_0509,20251202,SRV_03,REG_01,CUST_01,48439.32,99
INV_0510,20250329,SRV_02,REG_02,CUST_02,72500.29,37
INV_0511,20250404,SRV_01,REG_02,CUST_02,40969.28,48
INV_0512,20240211,SRV_02,REG_01,CUST_01,28139.4,90
INV_0513,20240607,SRV_05,REG_01,CUST_03,60293.57,70
INV_0514,20250101,SRV_02,REG_04,CUST_02,16155.93,69
INV_0515,20250703,SRV_01,REG_01,CUST_03,30255.85,27
INV_0516,20250925,SRV_04,REG_04,CUST_01,51825.69,57
INV_0517,20240903,SRV_03,REG_04,CUST_02,66996.21,48
INV_0518,20240426,SRV_02,REG_01,CUST_02,61197.17,57
INV_0519,20250513,SRV_02,REG_04,CUST_01,16717.64,98
INV_0520,20250704,SRV_01,REG_02,CUST_02,34694.66,13
INV_0521,20240729,SRV_04,REG_02,CUST_01,37145.77,42
INV_0522,20240208,SRV_01,REG_01,CUST_02,9930.95,105
INV_0523,20240821,SRV_04,REG_03,CUST_03,6182.37,86
INV_0524,20240501,SRV_01,REG_04,CUST_02,64377.59,45
INV_0525,20250529,SRV_02,REG_04,CUST_03,58569.2,56
INV_0526,20250125,SRV_01,REG_02,CUST_02,32369.48,102
INV_0527,20250712,SRV_05,REG_01,CUST_01,43746.69,71
INV_0528,20240524,SRV_01,REG_03,CUST_02,43326.78,10
INV_0529,20241108,SRV_02,REG_02,CUST_01,17879.49,78
INV_0530,20240915,SRV_01,REG_04,CUST_02,37288.56,70
INV_0531,20240315,SRV_01,REG_03,CUST_03,29999.69,85
INV_0532,20251102,SRV_01,REG_02,CUST_03,39010.29,42
INV_0533,20250923,SRV_02,REG_01,CUST_03,72106.12,21
INV_0534,20240105,SRV_05,REG_03,CUST_03,63807.7,17
INV_0535,20251126,SRV_02,REG_01,CUST_03,39088.0,13
INV_0536,20240628,SRV_03,REG_01,CUST_01,67390.79,25
INV_0537,20240926,SRV_01,REG_04,CUST_02,45523.06,98
INV_0538,20250827,SRV_01,REG_03,CUST_02,59263.81,46
INV_0539,20250205,SRV_03,REG_03,CUST_02,40728.84,50
INV_0540,20250107,SRV_01,REG_02,CUST_02,14825.95,20
INV_0541,20240702,SRV_03,REG_03,CUST_03,7829.39,97
INV_0542,20250514,SRV_01,REG_02,CUST_02,68540.83,46
INV_0543,20250201,SRV_04,REG_01,CUST_01,54261.54,66
INV_0544,20251010,SRV_02,REG_03,CUST_02,31496.3,75
INV_0545,20251031,SRV_03,REG_02,CUST_02,33408.95,104
INV_0546,20241219,SRV_04,REG_02,CUST_03,16592.41,9
INV_0547,20250610,SRV_02,REG_01,CUST_02,55211.19,15
INV_0548,20251107,SRV_04,REG_03,CUST_02,38517.02,26
INV_0549,20250827,SRV_04,REG_04,CUST_01,45144.06,20
INV_0550,20240517,SRV_03,REG_02,CUST_01,16643.9,23
INV_0551,20250613,SRV_03,REG_01,CUST_01,20161.54,77
INV_0552,20250427,SRV_05,REG_02,CUST_02,62431.72,23
INV_0553,20250930,SRV_03,REG_01,CUST_03,46757.34,8
INV_0554,20240823,SRV_04,REG_04,CUST_01,41589.79,64
INV_0555,20251201,SRV_05,REG_04,CUST_02,40233.04,15
INV_0556,20240405,SRV_05,REG_04,CUST_02,50446.22,66
INV_0557,20250306,SRV_01,REG_03,CUST_03,29536.25,102
INV_0558,20251214,SRV_01,REG_02,CUST_01,24828.67,112
INV_0559,20250710,SRV_02,REG_04,CUST_02,41577.84,66
INV_0560,20240108,SRV_05,REG_01,CUST_01,15834.5,83
INV_0561,20250822,SRV_02,REG_01,CUST_02,24289.24,87
INV_0562,20250210,SRV_04,REG_02,CUST_03,44136.57,61
INV_0563,20240916,SRV_03,REG_02,CUST_02,13336.0,29
INV_0564,20250402,SRV_05,REG_03,CUST_03,61059.76,78
INV_0565,20251214,SRV_01,REG_04,CUST_01,62627.88,60
INV_0566,20250906,SRV_01,REG_02,CUST_03,10602.78,4
INV_0567,20250128,SRV_03,REG_04,CUST_01,49820.39,56
INV_0568,20240111,SRV_03,REG_02,CUST_02,16863.8,4
INV_0569,20250103,SRV_01,REG_01,CUST_03,29718.94,50
INV_0570,20250219,SRV_05,REG_04,CUST_01,43471.49,92
INV_0571,20250726,SRV_02,REG_02,CUST_02,72414.0,58
INV_0572,20250217,SRV_01,REG_04,CUST_02,10067.02,37
INV_0573,20241214,SRV_03,REG_01,CUST_02,35993.8,48
INV_0574,20250730,SRV_05,REG_03,CUST_02,37250.43,75
INV_0575,20240129,SRV_01,REG_02,CUST_02,54082.33,102
INV_0576,20241119,SRV_02,REG_01,CUST_01,25110.27,51
INV_0577,20251120,SRV_02,REG_02,CUST_03,26971.09,27
INV_0578,20250810,SRV_05,REG_02,CUST_03,56597.86,30
INV_0579,20240904,SRV_05,REG_01,CUST_01,59525.69,15
INV_0580,20240321,SRV_04,REG_04,CUST_03,30983.76,40
INV_0581,20250519,SRV_02,REG_01,CUST_03,20546.49,73
INV_0582,20240511,SRV_03,REG_04,CUST_02,29310.23,110
INV_0583,20251203,SRV_04,REG_03,CUST_03,53244.74,1
INV_0584,20251121,SRV_04,REG_01,CUST_01,43399.44,30
INV_0585,20241002,SRV_03,REG_03,CUST_01,34336.51,96
INV_0586,20250116,SRV_04,REG_02,CUST_02,53020.83,104
INV_0587,20240412,SRV_02,REG_03,CUST_01,15209.06,94
INV_0588,20240602,SRV_01,REG_03,CUST_01,74689.32,108
INV_0589,20251007,SRV_03,REG_01,CUST_03,44349.69,72
INV_0590,20240218,SRV_01,REG_01,CUST_03,63728.02,12
INV_0591,20250405,SRV_02,REG_01,CUST_03,6388.47,15
INV_0592,20241225,SRV_03,REG_02,CUST_03,29857.63,86
INV_0593,20250606,SRV_04,REG_01,CUST_03,49219.85,18
INV_0594,20240620,SRV_02,REG_03,CUST_01,10537.83,43
INV_0595,20240821,SRV_02,REG_03,CUST_03,67138.43,99
INV_0596,20250106,SRV_03,REG_02,CUST_01,64794.83,16
INV_0597,20240828,SRV_02,REG_04,CUST_01,16683.73,13
INV_0598,20240407,SRV_04,REG_03,CUST_02,58549.75,10
INV_0599,20240416,SRV_03,REG_03,CUST_03,21054.92,94
INV_0600,20241017,SRV_05,REG_02,CUST_01,7460.85,45
INV_0601,20241129,SRV_04,REG_01,CUST_02,36139.15,89
INV_0602,20250706,SRV_03,REG_03,CUST_02,49785.06,68
INV_0603,20241113,SRV_04,REG_03,CUST_03,30604.83,33
INV_0604,20240608,SRV_01,REG_02,CUST_03,25073.36,68
INV_0605,20240109,SRV_04,REG_04,CUST_03,60857.53,76
INV_0606,20240824,SRV_03,REG_03,CUST_03,22492.73,91
INV_0607,20251023,SRV_04,REG_02,CUST_02,58517.68,78
INV_0608,20251211,SRV_02,REG_01,CUST_03,18160.04,8
INV_0609,20240705,SRV_02,REG_03,CUST_02,36693.71,89
INV_0610,20250929,SRV_05,REG_04,CUST_01,73063.28,36
INV_0611,20241002,SRV_04,REG_02,CUST_01,39550.57,43
INV_0612,20250306,SRV_04,REG_04,CUST_03,10615.62,96
INV_0613,20240529,SRV_02,REG_03,CUST_01,18453.46,107
INV_0614,20240913,SRV_01,REG_02,CUST_03,58985.77,56
INV_0615,20240910,SRV_01,REG_04,CUST_02,51620.55,26
INV_0616,20250429,SRV_02,REG_04,CUST_02,70619.46,66
INV_0617,20240505,SRV_04,REG_04,CUST_02,20245.18,14
INV_0618,20240829,SRV_04,REG_01,CUST_02,13375.47,101
INV_0619,20240905,SRV_01,REG_02,CUST_03,58955.79,31
INV_0620,20240610,SRV_01,REG_04,CUST_01,29886.24,19
INV_0621,20251219,SRV_01,REG_02,CUST_03,73717.3,100
INV_0622,20251022,SRV_04,REG_03,CUST_03,55707.94,32
INV_0623,20240210,SRV_04,REG_03,CUST_01,44669.12,69
INV_0624,20241222,SRV_04,REG_02,CUST_01,42179.62,57
INV_0625,20241029,SRV_03,REG_03,CUST_02,17987.4,2
INV_0626,20250926,SRV_03,REG_03,CUST_01,41684.88,63
INV_0627,20250718,SRV_03,REG_01,CUST_01,11737.94,84
INV_0628,20240309,SRV_05,REG_04,CUST_01,12493.86,24
INV_0629,20240411,SRV_03,REG_03,CUST_02,48677.93,75
INV_0630,20240919,SRV_02,REG_04,CUST_01,50902.46,113
INV_0631,20240322,SRV_01,REG_03,CUST_03,60597.47,7
INV_0632,20250923,SRV_03,REG_04,CUST_03,10455.48,27
INV_0633,20250615,SRV_01,REG_02,CUST_01,41833.44,31
INV_0634,20250806,SRV_05,REG_04,CUST_02,45359.46,86
INV_0635,20250414,SRV_04,REG_02,CUST_02,33109.0,43
INV_0636,20251104,SRV_03,REG_01,CUST_03,43505.69,41
INV_0637,20250115,SRV_04,REG_02,CUST_02,43193.84,48
INV_0638,20250717,SRV_02,REG_03,CUST_01,55841.93,36
INV_0639,20250902,SRV_03,REG_01,CUST_01,26023.38,28
INV_0640,20240807,SRV_01,REG_01,CUST_02,40789.0,73
INV_0641,20250808,SRV_01,REG_01,CUST_01,14688.57,46
INV_0642,20250819,SRV_05,REG_03,CUST_02,69251.73,93
INV_0643,20240320,SRV_02,REG_04,CUST_02,49957.82,4
INV_0644,20250813,SRV_01,REG_01,CUST_03,66585.48,55
INV_0645,20250302,SRV_05,REG_04,CUST_02,59419.3,48
INV_0646,20240225,SRV_03,REG_02,CUST_03,40168.11,28
INV_0647,20240605,SRV_04,REG_04,CUST_01,35235.5,100
INV_0648,20250207,SRV_05,REG_04,CUST_02,32943.39,10
INV_0649,20250212,SRV_04,REG_02,CUST_03,44150.73,62
INV_0650,20250208,SRV_03,REG_02,CUST_01,10015.08,99
INV_0651,20250316,SRV_03,REG_03,CUST_03,30568.74,24
INV_0652,20241124,SRV_03,REG_02,CUST_03,48135.47,102
INV_0653,20250328,SRV_05,REG_02,CUST_01,52975.15,19
INV_0654,20240328,SRV_01,REG_02,CUST_03,5961.33,88
INV_0655,20240423,SRV_04,REG_02,CUST_01,43249.69,96
INV_0656,20240921,SRV_04,REG_04,CUST_03,45810.35,84
INV_0657,20250623,SRV_02,REG_01,CUST_01,60243.19,79
INV_0658,20241004,SRV_04,REG_03,CUST_02,23991.73,109
INV_0659,20251106,SRV_01,REG_03,CUST_01,73585.5,65
INV_0660,20251227,SRV_02,REG_04,CUST_01,18921.26,58
INV_0661,20250728,SRV_01,REG_01,CUST_03,39295.3,95
INV_0662,20240609,SRV_02,REG_01,CUST_01,74719.61,64
INV_0663,20241009,SRV_02,REG_04,CUST_02,71438.15,28
INV_0664,20240604,SRV_04,REG_03,CUST_02,72242.4,78
INV_0665,20251002,SRV_05,REG_03,CUST_03,68681.48,42
INV_0666,20250404,SRV_05,REG_02,CUST_01,26629.89,90
INV_0667,20250620,SRV_04,REG_02,CUST_02,70312.1,20
INV_0668,20241121,SRV_03,REG_02,CUST_03,63766.58,18
INV_0669,20240131,SRV_04,REG_01,CUST_01,59537.55,13
INV_0670,20240514,SRV_01,REG_01,CUST_02,44693.02,29
INV_0671,20250902,SRV_05,REG_03,CUST_01,40162.72,77
INV_0672,20250425,SRV_02,REG_03,CUST_03,38169.28,20
INV_0673,20240716,SRV_01,REG_01,CUST_03,20578.79,85
INV_0674,20240726,SRV_01,REG_03,CUST_02,39296.0,41
INV_0675,20250413,SRV_04,REG_03,CUST_02,26902.82,78
INV_0676,20250808,SRV_03,REG_04,CUST_02,12652.14,58
INV_0677,20240213,SRV_03,REG_04,CUST_02,32117.85,97
INV_0678,20251007,SRV_05,REG_01,CUST_03,37294.3,54
INV_0679,20241028,SRV_01,REG_03,CUST_02,36618.87,92
INV_0680,20250527,SRV_05,REG_02,CUST_03,33949.15,57
INV_0681,20240126,SRV_04,REG_02,CUST_03,11312.58,41
INV_0682,20251209,SRV_05,REG_04,CUST_02,36457.89,46
INV_0683,20240328,SRV_04,REG_02,CUST_03,43524.21,5
INV_0684,20240623,SRV_03,REG_02,CUST_01,17520.67,91
INV_0685,20240222,SRV_02,REG_03,CUST_03,48851.7,15
INV_0686,20240514,SRV_01,REG_03,CUST_03,64878.77,69
INV_0687,20240106,SRV_04,REG_03,CUST_03,33710.6,10
INV_0688,20250907,SRV_01,REG_02,CUST_01,17938.8,7
INV_0689,20251030,SRV_01,REG_04,CUST_02,45466.49,77
INV_0690,20241101,SRV_01,REG_03,CUST_01,16293.47,36
INV_0691,20250917,SRV_03,REG_03,CUST_02,45527.64,4
INV_0692,20240405,SRV_02,REG_04,CUST_03,64031.67,8
INV_0693,20241026,SRV_05,REG_01,CUST_03,41893.69,67
INV_0694,20240802,SRV_05,REG_04,CUST_03,55685.19,77
INV_0695,20251224,SRV_04,REG_01,CUST_01,48000.3,63
INV_0696,20250616,SRV_04,REG_02,CUST_02,25334.16,24
INV_0697,20240102,SRV_01,REG_02,CUST_02,74929.09,52
INV_0698,20240216,SRV_02,REG_04,CUST_02,19083.1,36
INV_0699,20240917,SRV_02,REG_04,CUST_01,53008.51,43
INV_0700,20250209,SRV_03,REG_02,CUST_01,28136.04,43
INV_0701,20251119,SRV_04,REG_03,CUST_01,48904.03,114
INV_0702,20250703,SRV_04,REG_04,CUST_02,25954.06,92
INV_0703,20251125,SRV_03,REG_01,CUST_03,9634.91,19
INV_0704,20241014,SRV_02,REG_02,CUST_02,47398.24,23
INV_0705,20250901,SRV_02,REG_04,CUST_03,33970.87,63
INV_0706,20240831,SRV_04,REG_01,CUST_01,12856.19,100
INV_0707,20240208,SRV_01,REG_03,CUST_02,15785.44,43
INV_0708,20250510,SRV_03,REG_04,CUST_02,52370.21,16
INV_0709,20240729,SRV_01,REG_04,CUST_01,26768.69,5
INV_0710,20251204,SRV_01,REG_04,CUST_02,58632.61,95
INV_0711,20241115,SRV_03,REG_02,CUST_03,19038.89,36
INV_0712,20241010,SRV_02,REG_01,CUST_01,16024.72,14
INV_0713,20240116,SRV_03,REG_01,CUST_02,27293.94,18
INV_0714,20251222,SRV_03,REG_01,CUST_02,36055.33,16
INV_0715,20240130,SRV_01,REG_04,CUST_01,34852.6,22
INV_0716,20251222,SRV_03,REG_03,CUST_02,29893.7,42
INV_0717,20240721,SRV_03,REG_03,CUST_02,14225.67,104
INV_0718,20251216,SRV_01,REG_03,CUST_03,21218.59,28
INV_0719,20240527,SRV_02,REG_01,CUST_03,36729.81,3
INV_0720,20240307,SRV_01,REG_02,CUST_03,58755.91,77
INV_0721,20250811,SRV_03,REG_04,CUST_03,43930.49,9
INV_0722,20241105,SRV_04,REG_02,CUST_02,16131.42,61
INV_0723,20250128,SRV_02,REG_03,CUST_03,44704.78,43
INV_0724,20250711,SRV_05,REG_04,CUST_02,70160.43,73
INV_0725,20250513,SRV_03,REG_04,CUST_03,17332.18,51
INV_0726,20240312,SRV_01,REG_03,CUST_03,39600.66,84
INV_0727,20240303,SRV_05,REG_04,CUST_01,51261.7,57
INV_0728,20250628,SRV_04,REG_02,CUST_02,66419.77,38
INV_0729,20250806,SRV_02,REG_01,CUST_01,45790.89,78
INV_0730,20250606,SRV_05,REG_04,CUST_01,54234.79,105
INV_0731,20250102,SRV_02,REG_03,CUST_02,27268.91,48
INV_0732,20250219,SRV_04,REG_03,CUST_01,18175.88,49
INV_0733,20250103,SRV_05,REG_02,CUST_01,5812.19,82
INV_0734,20240117,SRV_04,REG_02,CUST_01,14605.42,103
INV_0735,20250301,SRV_03,REG_03,CUST_02,34688.73,104
INV_0736,20250405,SRV_02,REG_04,CUST_02,39870.99,93
INV_0737,20240830,SRV_03,REG_01,CUST_01,73476.34,72
INV_0738,20250509,SRV_02,REG_03,CUST_02,10604.42,93
INV_0739,20250623,SRV_04,REG_04,CUST_01,38071.61,94
INV_0740,20251110,SRV_01,REG_01,CUST_02,8694.2,43
INV_0741,20250701,SRV_04,REG_01,CUST_03,29704.02,102
INV_0742,20241028,SRV_05,REG_01,CUST_02,59951.51,33
INV_0743,20240303,SRV_04,REG_01,CUST_02,48702.19,36
INV_0744,20250511,SRV_05,REG_01,CUST_03,14277.71,35
INV_0745,20241008,SRV_01,REG_02,CUST_02,36265.72,103
INV_0746,20240628,SRV_05,REG_04,CUST_03,73885.02,18
INV_0747,20250901,SRV_04,REG_03,CUST_01,51246.71,92
INV_0748,20251014,SRV_05,REG_04,CUST_02,23507.68,104
INV_0749,20240428,SRV_05,REG_03,CUST_02,71377.62,68
INV_0750,20240827,SRV_04,REG_03,CUST_01,25215.46,102
INV_0751,20250404,SRV_02,REG_04,CUST_01,69239.85,81
INV_0752,20241228,SRV_03,REG_01,CUST_03,23696.15,12
INV_0753,20240918,SRV_03,REG_02,CUST_02,52032.29,98
INV_0754,20240718,SRV_02,REG_01,CUST_02,5740.46,1
INV_0755,20240310,SRV_04,REG_04,CUST_02,36215.95,28
INV_0756,20241017,SRV_05,REG_04,CUST_01,70695.38,84
INV_0757,20240810,SRV_01,REG_02,CUST_03,50947.62,115
INV_0758,20251025,SRV_05,REG_01,CUST_03,37686.89,9
INV_0759,20251016,SRV_02,REG_01,CUST_03,16337.62,9
INV_0760,20241010,SRV_04,REG_01,CUST_03,17455.06,8
INV_0761,20250518,SRV_03,REG_04,CUST_01,42844.25,55
INV_0762,20240811,SRV_01,REG_04,CUST_01,10104.37,73
INV_0763,20240913,SRV_01,REG_04,CUST_01,51522.41,34
INV_0764,20240604,SRV_02,REG_03,CUST_03,35524.04,108
INV_0765,20240312,SRV_05,REG_03,CUST_01,44707.07,45
INV_0766,20241207,SRV_02,REG_04,CUST_03,42423.84,43
INV_0767,20240323,SRV_02,REG_04,CUST_03,51251.39,38
INV_0768,20251213,SRV_01,REG_04,CUST_02,35658.86,24
INV_0769,20240523,SRV_05,REG_02,CUST_03,32213.73,101
INV_0770,20250707,SRV_02,REG_03,CUST_01,7592.99,7
INV_0771,20241211,SRV_01,REG_03,CUST_02,65914.0,68
INV_0772,20240601,SRV_03,REG_02,CUST_03,50768.21,60
INV_0773,20250925,SRV_05,REG_02,CUST_02,8497.06,39
INV_0774,20240409,SRV_03,REG_04,CUST_01,12992.58,76
INV_0775,20250922,SRV_01,REG_03,CUST_03,13456.17,87
INV_0776,20250812,SRV_05,REG_02,CUST_01,46515.97,42
INV_0777,20240305,SRV_02,REG_03,CUST_01,53740.7,70
INV_0778,20240617,SRV_05,REG_04,CUST_02,47870.91,99
INV_0779,20240610,SRV_04,REG_04,CUST_01,69829.59,90
INV_0780,20251029,SRV_02,REG_03,CUST_02,13882.47,18
INV_0781,20251017,SRV_03,REG_02,CUST_02,53417.15,76
INV_0782,20240703,SRV_04,REG_01,CUST_03,34315.01,71
INV_0783,20240829,SRV_01,REG_01,CUST_02,40527.85,59
INV_0784,20251003,SRV_05,REG_02,CUST_02,64064.72,60
INV_0785,20250524,SRV_05,REG_01,CUST_03,19671.28,32
INV_0786,20241208,SRV_04,REG_04,CUST_02,17312.13,100
INV_0787,20240130,SRV_03,REG_02,CUST_02,36137.46,74
INV_0788,20241129,SRV_05,REG_02,CUST_01,27829.26,12
INV_0789,20240830,SRV_04,REG_02,CUST_01,37969.32,62
INV_0790,20240225,SRV_05,REG_02,CUST_03,31143.96,58
INV_0791,20240717,SRV_02,REG_02,CUST_01,53454.74,7
INV_0792,20241014,SRV_01,REG_02,CUST_03,20389.75,37
INV_0793,20250910,SRV_03,REG_02,CUST_01,33818.73,66
INV_0794,20250515,SRV_03,REG_04,CUST_02,34967.73,111
INV_0795,20240909,SRV_02,REG_02,CUST_02,67877.63,53
INV_0796,20240215,SRV_04,REG_03,CUST_02,32602.41,103
INV_0797,20251214,SRV_04,REG_04,CUST_02,56225.04,27
INV_0798,20240515,SRV_02,REG_04,CUST_03,51832.49,20
INV_0799,20251221,SRV_03,REG_03,CUST_03,59028.45,111
INV_0800,20251221,SRV_05,REG_03,CUST_02,49338.16,110
INV_0801,20251004,SRV_04,REG_04,CUST_03,34813.16,34
INV_0802,20251215,SRV_03,REG_04,CUST_02,66659.31,94
INV_0803,20240226,SRV_02,REG_01,CUST_03,48339.34,46
INV_0804,20250110,SRV_03,REG_02,CUST_01,73687.61,30
INV_0805,20250706,SRV_04,REG_02,CUST_02,58262.01,41
INV_0806,20241227,SRV_03,REG_04,CUST_03,29165.86,62
INV_0807,20250528,SRV_01,REG_01,CUST_03,48466.59,102
INV_0808,20251120,SRV_01,REG_03,CUST_01,10611.93,114
INV_0809,20240702,SRV_01,REG_01,CUST_01,53795.75,63
INV_0810,20240603,SRV_03,REG_03,CUST_02,42900.45,16
INV_0811,20250430,SRV_04,REG_01,CUST_01,9406.47,111
INV_0812,20240825,SRV_02,REG_01,CUST_03,46535.01,89
INV_0813,20250626,SRV_04,REG_01,CUST_01,60248.74,29
INV_0814,20250510,SRV_02,REG_01,CUST_03,36914.86,21
INV_0815,20250925,SRV_03,REG_02,CUST_01,21653.37,5
INV_0816,20241120,SRV_05,REG_02,CUST_02,54499.41,85
INV_0817,20241120,SRV_05,REG_02,CUST_02,26109.18,3
INV_0818,20250218,SRV_05,REG_02,CUST_01,72910.51,69
INV_0819,20250603,SRV_02,REG_02,CUST_02,55998.07,56
INV_0820,20241212,SRV_01,REG_02,CUST_02,43567.2,39
INV_0821,20240126,SRV_03,REG_04,CUST_03,8852.35,82
INV_0822,20240718,SRV_03,REG_01,CUST_01,6578.41,68
INV_0823,20250401,SRV_01,REG_03,CUST_03,47222.03,65
INV_0824,20240227,SRV_02,REG_03,CUST_03,32027.88,1
INV_0825,20241018,SRV_02,REG_04,CUST_01,55949.73,56
INV_0826,20250301,SRV_02,REG_03,CUST_02,67750.02,17
INV_0827,20250824,SRV_01,REG_01,CUST_03,74186.77,67
INV_0828,20241209,SRV_03,REG_03,CUST_02,69008.73,53
INV_0829,20240628,SRV_04,REG_02,CUST_01,18020.45,48
INV_0830,20241023,SRV_04,REG_01,CUST_02,26274.01,71
INV_0831,20250419,SRV_01,REG_01,CUST_02,63397.01,60
INV_0832,20240507,SRV_02,REG_02,CUST_01,13354.83,35
INV_0833,20250519,SRV_03,REG_03,CUST_03,48959.72,60
INV_0834,20251211,SRV_02,REG_01,CUST_01,45715.81,18
INV_0835,20241123,SRV_05,REG_01,CUST_03,49537.3,45
INV_0836,20240219,SRV_02,REG_02,CUST_02,17827.32,12
INV_0837,20250905,SRV_03,REG_01,CUST_03,52981.06,88
INV_0838,20250106,SRV_03,REG_04,CUST_01,41271.95,47
INV_0839,20250511,SRV_02,REG_02,CUST_01,40236.8,106
INV_0840,20240711,SRV_03,REG_04,CUST_03,37234.4,9
INV_0841,20240429,SRV_01,REG_01,CUST_01,62192.71,113
INV_0842,20250903,SRV_02,REG_01,CUST_01,57112.22,15
INV_0843,20240815,SRV_05,REG_02,CUST_01,73677.67,54
INV_0844,20251208,SRV_01,REG_03,CUST_03,7976.19,13
INV_0845,20240203,SRV_03,REG_01,CUST_01,9637.32,85
INV_0846,20240111,SRV_01,REG_02,CUST_01,51942.05,3
INV_0847,20240402,SRV_02,REG_02,CUST_02,59656.15,78
INV_0848,20240904,SRV_03,REG_04,CUST_02,20189.87,24
INV_0849,20241015,SRV_03,REG_04,CUST_01,69433.4,108
INV_0850,20251225,SRV_02,REG_04,CUST_01,63431.95,48
INV_0851,20250310,SRV_03,REG_01,CUST_01,37613.12,66
INV_0852,20240519,SRV_02,REG_04,CUST_01,27968.08,14
INV_0853,20250129,SRV_04,REG_03,CUST_01,43774.11,37
INV_0854,20250314,SRV_01,REG_01,CUST_01,5895.01,86
INV_0855,20250518,SRV_01,REG_04,CUST_01,15035.73,51
INV_0856,20251212,SRV_01,REG_02,CUST_01,30459.7,25
INV_0857,20241212,SRV_03,REG_02,CUST_03,55764.04,35
INV_0858,20251231,SRV_03,REG_03,CUST_03,38307.84,77
INV_0859,20250218,SRV_03,REG_04,CUST_01,22548.29,63
INV_0860,20240824,SRV_05,REG_04,CUST_01,39869.44,3
INV_0861,20240702,SRV_03,REG_04,CUST_01,51275.64,66
INV_0862,20250519,SRV_05,REG_01,CUST_02,29053.1,110
INV_0863,20250707,SRV_01,REG_03,CUST_01,31854.09,40
INV_0864,20250120,SRV_04,REG_02,CUST_02,51158.77,99
INV_0865,20241106,SRV_05,REG_03,CUST_03,58480.78,72
INV_0866,20251122,SRV_03,REG_03,CUST_02,64804.6,64
INV_0867,20240227,SRV_02,REG_01,CUST_03,27433.79,3
INV_0868,20250827,SRV_05,REG_04,CUST_02,28887.96,12
INV_0869,20250314,SRV_02,REG_02,CUST_01,21423.55,39
INV_0870,20250829,SRV_01,REG_02,CUST_01,42689.18,4
INV_0871,20250416,SRV_04,REG_01,CUST_01,53717.09,75
INV_0872,20240123,SRV_04,REG_04,CUST_03,12003.97,86
INV_0873,20240729,SRV_04,REG_01,CUST_01,48037.95,46
INV_0874,20250322,SRV_04,REG_04,CUST_02,19985.61,33
INV_0875,20240218,SRV_03,REG_04,CUST_02,64093.08,12
INV_0876,20250829,SRV_02,REG_03,CUST_03,19681.74,101
INV_0877,20240319,SRV_02,REG_01,CUST_01,34002.0,32
INV_0878,20251001,SRV_04,REG_04,CUST_02,54233.22,110
INV_0879,20240710,SRV_04,REG_03,CUST_03,70601.4,68
INV_0880,20250921,SRV_03,REG_02,CUST_03,37374.07,30
INV_0881,20240603,SRV_02,REG_04,CUST_02,19249.06,52
INV_0882,20240930,SRV_05,REG_03,CUST_01,12949.1,24
INV_0883,20240129,SRV_02,REG_03,CUST_03,50284.54,4
INV_0884,20240725,SRV_02,REG_01,CUST_03,51106.95,22
INV_0885,20251021,SRV_04,REG_04,CUST_03,47111.98,110
INV_0886,20240306,SRV_02,REG_03,CUST_02,63992.52,30
INV_0887,20240424,SRV_03,REG_01,CUST_03,66919.54,30
INV_0888,20250906,SRV_02,REG_03,CUST_02,57077.13,54
INV_0889,20240811,SRV_01,REG_01,CUST_03,33586.29,110
INV_0890,20250826,SRV_04,REG_04,CUST_03,43202.15,60
INV_0891,20251130,SRV_02,REG_01,CUST_03,55096.99,105
INV_0892,20241111,SRV_03,REG_04,CUST_02,69222.01,85
INV_0893,20240902,SRV_03,REG_01,CUST_02,13543.76,110
INV_0894,20240830,SRV_04,REG_03,CUST_03,26062.17,105
INV_0895,20240829,SRV_05,REG_03,CUST_02,27202.91,103
INV_0896,20251021,SRV_01,REG_03,CUST_03,56585.94,107
INV_0897,20241206,SRV_04,REG_02,CUST_02,23267.91,8
INV_0898,20241226,SRV_03,REG_01,CUST_03,53664.71,97
INV_0899,20240223,SRV_05,REG_02,CUST_01,33046.33,80
INV_0900,20241108,SRV_03,REG_02,CUST_01,41145.61,98
INV_0901,20251026,SRV_03,REG_01,CUST_03,38485.58,94
INV_0902,20240516,SRV_05,REG_01,CUST_01,10907.93,47
INV_0903,20240705,SRV_04,REG_02,CUST_01,71367.65,71
INV_0904,20251024,SRV_05,REG_02,CUST_03,54088.28,21
INV_0905,20240220,SRV_03,REG_04,CUST_03,16908.6,72
INV_0906,20240430,SRV_03,REG_03,CUST_02,39590.43,28
INV_0907,20251231,SRV_05,REG_01,CUST_03,57251.01,48
INV_0908,20240513,SRV_05,REG_01,CUST_02,52403.21,53
INV_0909,20240703,SRV_05,REG_01,CUST_01,48237.62,31
INV_0910,20250113,SRV_04,REG_03,CUST_01,66001.04,88
INV_0911,20250211,SRV_05,REG_01,CUST_01,11669.56,7
INV_0912,20240223,SRV_05,REG_04,CUST_01,22755.98,79
INV_0913,20250125,SRV_04,REG_04,CUST_02,17556.06,21
INV_0914,20250530,SRV_02,REG_01,CUST_02,42129.67,18
INV_0915,20240923,SRV_02,REG_02,CUST_03,66017.57,106
INV_0916,20241014,SRV_02,REG_01,CUST_02,63071.24,33
INV_0917,20250613,SRV_04,REG_03,CUST_01,43897.23,84
INV_0918,20251013,SRV_01,REG_04,CUST_01,17819.89,60
INV_0919,20240923,SRV_04,REG_03,CUST_01,35906.38,90
INV_0920,20250728,SRV_04,REG_02,CUST_01,29472.3,26
INV_0921,20241017,SRV_05,REG_02,CUST_02,74860.32,0
INV_0922,20250622,SRV_05,REG_03,CUST_02,11601.37,42
INV_0923,20240127,SRV_01,REG_04,CUST_03,15764.28,10
INV_0924,20250416,SRV_04,REG_04,CUST_03,72883.94,83
INV_0925,20250929,SRV_02,REG_02,CUST_01,65429.52,102
INV_0926,20251021,SRV_02,REG_03,CUST_01,32920.09,22
INV_0927,20240902,SRV_01,REG_02,CUST_01,32195.2,51
INV_0928,20241018,SRV_05,REG_03,CUST_03,56512.25,39
INV_0929,20251202,SRV_05,REG_01,CUST_02,18990.99,57
INV_0930,20250201,SRV_02,REG_03,CUST_03,47970.74,55
INV_0931,20251007,SRV_01,REG_01,CUST_03,52350.8,82
INV_0932,20251203,SRV_05,REG_04,CUST_03,37775.34,10
INV_0933,20250504,SRV_05,REG_01,CUST_01,41616.44,37
INV_0934,20250805,SRV_03,REG_04,CUST_02,12534.25,54
INV_0935,20250226,SRV_04,REG_01,CUST_03,22840.21,10
INV_0936,20250530,SRV_01,REG_02,CUST_03,8168.11,53
INV_0937,20251222,SRV_02,REG_03,CUST_02,61548.38,43
INV_0938,20240710,SRV_05,REG_01,CUST_02,12443.15,68
INV_0939,20240119,SRV_04,REG_02,CUST_02,38398.39,88
INV_0940,20250218,SRV_03,REG_01,CUST_02,52166.22,88
INV_0941,20251122,SRV_02,REG_02,CUST_01,18356.15,104
INV_0942,20240117,SRV_05,REG_02,CUST_02,21924.62,107
INV_0943,20251003,SRV_05,REG_03,CUST_01,38179.24,2
INV_0944,20240429,SRV_05,REG_03,CUST_03,6373.94,57
INV_0945,20250822,SRV_05,REG_03,CUST_01,28369.5,13
INV_0946,20251007,SRV_04,REG_01,CUST_01,39124.76,62
INV_0947,20250609,SRV_03,REG_03,CUST_01,55000.32,67
INV_0948,20240120,SRV_03,REG_03,CUST_03,13185.85,79
INV_0949,20251023,SRV_04,REG_01,CUST_02,18454.09,44
INV_0950,20250324,SRV_03,REG_01,CUST_02,64741.77,91
INV_0951,20251103,SRV_05,REG_03,CUST_03,63315.65,86
INV_0952,20251030,SRV_02,REG_02,CUST_02,19504.6,88
INV_0953,20240329,SRV_04,REG_02,CUST_01,47402.43,12
INV_0954,20250301,SRV_02,REG_04,CUST_03,66663.43,45
INV_0955,20251124,SRV_05,REG_04,CUST_01,28641.43,14
INV_0956,20250924,SRV_01,REG_01,CUST_03,58856.17,98
INV_0957,20250724,SRV_05,REG_04,CUST_02,8529.54,56
INV_0958,20250413,SRV_01,REG_04,CUST_02,7937.86,13
INV_0959,20240620,SRV_01,REG_02,CUST_02,25448.61,56
INV_0960,20250602,SRV_01,REG_01,CUST_03,62341.25,15
INV_0961,20240725,SRV_04,REG_03,CUST_03,25073.08,21
INV_0962,20240328,SRV_02,REG_02,CUST_01,57724.44,67
INV_0963,20250307,SRV_05,REG_03,CUST_03,71628.84,66
INV_0964,20251129,SRV_01,REG_04,CUST_01,28681.25,51
INV_0965,20240617,SRV_01,REG_02,CUST_02,9046.69,80
INV_0966,20251231,SRV_03,REG_01,CUST_02,56988.83,44
INV_0967,20240109,SRV_03,REG_03,CUST_03,50071.55,113
INV_0968,20250711,SRV_03,REG_03,CUST_01,66668.23,10
INV_0969,20240207,SRV_02,REG_02,CUST_02,74434.68,36
INV_0970,20240806,SRV_03,REG_02,CUST_01,6952.39,101
INV_0971,20250706,SRV_02,REG_03,CUST_02,12730.93,7
INV_0972,20250116,SRV_03,REG_04,CUST_03,25857.28,94
INV_0973,20240106,SRV_02,REG_02,CUST_03,25944.11,85
INV_0974,20250809,SRV_05,REG_02,CUST_01,27949.29,74
INV_0975,20240716,SRV_04,REG_03,CUST_03,10736.3,7
INV_0976,20250311,SRV_04,REG_03,CUST_02,44127.79,99
INV_0977,20250208,SRV_03,REG_03,CUST_02,70172.49,62
INV_0978,20250302,SRV_05,REG_03,CUST_01,72762.23,65
INV_0979,20250625,SRV_05,REG_02,CUST_02,30853.24,15
INV_0980,20250908,SRV_01,REG_01,CUST_01,41594.42,15
INV_0981,20250115,SRV_02,REG_02,CUST_01,59865.48,53
INV_0982,20240219,SRV_02,REG_03,CUST_01,13562.95,44
INV_0983,20240310,SRV_04,REG_03,CUST_03,59694.45,60
INV_0984,20250912,SRV_05,REG_03,CUST_02,36435.23,110
INV_0985,20241129,SRV_03,REG_02,CUST_03,28729.85,5
INV_0986,20251117,SRV_02,REG_04,CUST_02,49107.64,98
INV_0987,20251225,SRV_03,REG_04,CUST_01,71861.78,69
INV_0988,20250813,SRV_03,REG_04,CUST_01,51077.81,68
INV_0989,20240703,SRV_02,REG_03,CUST_01,61484.47,77
INV_0990,20241124,SRV_03,REG_04,CUST_03,35591.22,53
INV_0991,20240125,SRV_02,REG_04,CUST_02,16770.92,18
INV_0992,20240706,SRV_01,REG_03,CUST_02,16843.37,78
INV_0993,20241129,SRV_01,REG_04,CUST_03,14972.24,114
INV_0994,20241127,SRV_04,REG_04,CUST_01,21773.61,76
INV_0995,20250823,SRV_04,REG_04,CUST_03,9244.24,59
INV_0996,20250720,SRV_01,REG_02,CUST_01,23841.18,75
INV_0997,20251122,SRV_05,REG_02,CUST_03,44777.19,57
INV_0998,20240326,SRV_03,REG_01,CUST_02,73971.61,100
INV_0999,20240908,SRV_04,REG_04,CUST_01,61885.06,106
INV_1000,20250927,SRV_05,REG_03,CUST_03,46850.74,107
INV_1001,20251127,SRV_02,REG_01,CUST_01,16299.14,68
INV_1002,20250730,SRV_02,REG_04,CUST_01,55755.16,35
INV_1003,20250318,SRV_03,REG_01,CUST_02,23295.24,96
INV_1004,20251225,SRV_02,REG_01,CUST_01,37185.95,76
INV_1005,20241202,SRV_05,REG_03,CUST_01,68101.15,86
INV_1006,20240626,SRV_03,REG_03,CUST_02,10680.42,112
INV_1007,20251026,SRV_01,REG_03,CUST_02,13639.09,104
INV_1008,20250120,SRV_02,REG_04,CUST_01,37388.48,24
INV_1009,20250331,SRV_05,REG_01,CUST_01,11297.66,78
INV_1010,20251002,SRV_05,REG_01,CUST_01,24652.95,115
INV_1011,20251221,SRV_03,REG_03,CUST_01,65894.14,72
INV_1012,20250527,SRV_05,REG_02,CUST_01,46171.52,95
INV_1013,20240307,SRV_02,REG_01,CUST_01,64336.7,2
INV_1014,20251210,SRV_03,REG_03,CUST_01,70652.33,82
INV_1015,20251120,SRV_01,REG_03,CUST_03,13520.24,66
INV_1016,20250422,SRV_02,REG_02,CUST_01,24455.31,53
INV_1017,20250629,SRV_02,REG_02,CUST_03,10726.62,73
INV_1018,20240126,SRV_05,REG_04,CUST_01,18781.38,42
INV_1019,20241114,SRV_01,REG_03,CUST_01,46477.15,80
INV_1020,20241208,SRV_05,REG_02,CUST_03,63276.23,105
INV_1021,20241207,SRV_05,REG_03,CUST_01,48774.41,74
INV_1022,20240507,SRV_01,REG_04,CUST_01,9340.16,102
INV_1023,20250328,SRV_02,REG_04,CUST_02,8905.3,6
INV_1024,20241028,SRV_04,REG_03,CUST_01,65520.79,100
INV_1025,20251106,SRV_01,REG_03,CUST_02,48346.14,43
INV_1026,20251028,SRV_01,REG_02,CUST_01,12188.28,76
INV_1027,20251231,SRV_03,REG_02,CUST_02,40622.86,45
INV_1028,20250307,SRV_03,REG_04,CUST_01,13937.65,74
INV_1029,20250322,SRV_02,REG_02,CUST_01,37866.66,77
INV_1030,20241217,SRV_02,REG_02,CUST_01,21617.11,104
INV_1031,20250726,SRV_04,REG_02,CUST_01,28908.63,85
INV_1032,20250502,SRV_04,REG_01,CUST_02,25974.21,42
INV_1033,20240615,SRV_04,REG_03,CUST_01,69396.75,81
INV_1034,20240816,SRV_05,REG_03,CUST_02,58784.39,104
INV_1035,20241205,SRV_04,REG_04,CUST_03,5692.45,45
INV_1036,20240131,SRV_01,REG_03,CUST_01,49193.42,97
INV_1037,20250103,SRV_01,REG_01,CUST_01,20326.15,33
INV_1038,20240627,SRV_03,REG_02,CUST_03,68745.43,2
INV_1039,20251124,SRV_04,REG_01,CUST_01,26355.07,30
INV_1040,20250113,SRV_05,REG_03,CUST_02,9576.43,18
INV_1041,20240513,SRV_05,REG_01,CUST_02,35067.81,81
INV_1042,20240907,SRV_03,REG_01,CUST_01,27937.64,6
INV_1043,20251006,SRV_05,REG_03,CUST_01,55910.9,100
INV_1044,20250426,SRV_03,REG_03,CUST_02,57579.54,47
INV_1045,20250525,SRV_04,REG_01,CUST_02,53615.68,91
INV_1046,20250521,SRV_02,REG_04,CUST_01,20366.84,25
INV_1047,20250407,SRV_04,REG_03,CUST_02,16004.65,107
INV_1048,20250118,SRV_03,REG_04,CUST_03,36115.37,45
INV_1049,20240823,SRV_01,REG_03,CUST_03,37728.57,52
INV_1050,20250111,SRV_02,REG_03,CUST_01,23593.74,9
INV_1051,20250102,SRV_02,REG_04,CUST_03,69862.41,12
INV_1052,20240501,SRV_02,REG_02,CUST_03,18765.24,42
INV_1053,20240913,SRV_02,REG_02,CUST_02,56787.47,33
INV_1054,20240109,SRV_02,REG_03,CUST_03,62530.29,96
INV_1055,20251102,SRV_04,REG_02,CUST_03,20930.49,92
INV_1056,20240802,SRV_05,REG_03,CUST_02,62007.84,43
INV_1057,20240328,SRV_05,REG_03,CUST_01,35707.66,109
INV_1058,20250725,SRV_02,REG_02,CUST_03,71034.78,1
INV_1059,20250526,SRV_02,REG_03,CUST_02,42632.28,41
INV_1060,20250824,SRV_03,REG_02,CUST_03,44773.36,102
INV_1061,20250909,SRV_03,REG_02,CUST_03,9459.65,49
INV_1062,20240711,SRV_01,REG_01,CUST_01,16999.66,86
INV_1063,20250720,SRV_01,REG_04,CUST_01,18929.91,49
INV_1064,20241017,SRV_05,REG_03,CUST_01,30805.66,1
INV_1065,20240624,SRV_04,REG_02,CUST_02,34288.92,95
INV_1066,20240311,SRV_05,REG_02,CUST_03,35254.05,90
INV_1067,20251111,SRV_05,REG_02,CUST_02,55174.04,58
INV_1068,20241009,SRV_01,REG_03,CUST_02,61529.61,67
INV_1069,20241202,SRV_04,REG_04,CUST_03,50240.94,58
INV_1070,20241221,SRV_02,REG_02,CUST_03,22439.44,115
INV_1071,20250924,SRV_04,REG_02,CUST_02,44803.07,50
INV_1072,20251216,SRV_05,REG_01,CUST_02,69140.74,89
INV_1073,20240810,SRV_04,REG_01,CUST_01,57877.78,64
INV_1074,20241129,SRV_04,REG_02,CUST_02,8124.46,3
INV_1075,20240315,SRV_04,REG_02,CUST_03,7644.23,32
INV_1076,20240427,SRV_05,REG_03,CUST_03,9776.6,70
INV_1077,20251103,SRV_04,REG_01,CUST_01,16941.24,2
INV_1078,20250913,SRV_05,REG_03,CUST_01,10430.97,97
INV_1079,20240112,SRV_02,REG_01,CUST_01,20167.07,4
INV_1080,20251122,SRV_05,REG_04,CUST_03,53324.27,56
INV_1081,20240223,SRV_01,REG_03,CUST_01,70017.44,47
INV_1082,20240901,SRV_01,REG_04,CUST_01,28598.16,24
INV_1083,20251127,SRV_01,REG_02,CUST_02,16693.31,53
INV_1084,20250608,SRV_02,REG_02,CUST_02,32654.47,54
INV_1085,20240503,SRV_05,REG_01,CUST_01,6049.62,83
INV_1086,20241119,SRV_04,REG_01,CUST_02,48673.66,5
INV_1087,20240309,SRV_04,REG_04,CUST_02,42532.71,108
INV_1088,20250805,SRV_02,REG_03,CUST_02,69718.74,98
INV_1089,20251211,SRV_02,REG_01,CUST_02,38749.13,42
INV_1090,20240119,SRV_03,REG_02,CUST_02,46122.8,1
INV_1091,20240826,SRV_03,REG_02,CUST_02,34994.85,31
INV_1092,20250926,SRV_01,REG_03,CUST_03,19140.83,48
INV_1093,20240728,SRV_01,REG_03,CUST_02,66413.23,17
INV_1094,20241011,SRV_01,REG_01,CUST_01,21030.7,93
INV_1095,20241205,SRV_05,REG_02,CUST_02,53739.46,28
INV_1096,20250914,SRV_03,REG_04,CUST_01,65890.67,8
INV_1097,20240716,SRV_05,REG_02,CUST_02,43419.3,101
INV_1098,20240728,SRV_03,REG_03,CUST_03,16491.12,25
INV_1099,20240907,SRV_05,REG_03,CUST_02,19098.07,110
INV_1100,20250507,SRV_02,REG_03,CUST_03,40370.48,94
INV_1101,20250319,SRV_04,REG_03,CUST_03,64782.95,97
INV_1102,20241103,SRV_03,REG_02,CUST_03,31631.52,39
INV_1103,20250409,SRV_04,REG_01,CUST_01,55040.44,25
INV_1104,20240607,SRV_01,REG_01,CUST_03,33318.87,53
INV_1105,20250208,SRV_02,REG_04,CUST_03,66949.97,15
INV_1106,20250129,SRV_05,REG_03,CUST_03,58988.93,96
INV_1107,20241222,SRV_04,REG_04,CUST_02,31973.32,54
INV_1108,20240909,SRV_04,REG_01,CUST_02,54459.13,3
INV_1109,20251215,SRV_05,REG_02,CUST_03,22319.04,74
INV_1110,20251109,SRV_01,REG_04,CUST_02,54812.66,49
INV_1111,20250211,SRV_03,REG_02,CUST_03,16607.65,54
INV_1112,20240915,SRV_02,REG_03,CUST_02,26558.52,52
INV_1113,20240401,SRV_03,REG_02,CUST_03,57411.11,95
INV_1114,20250211,SRV_02,REG_02,CUST_03,5110.5,8
INV_1115,20251214,SRV_03,REG_03,CUST_01,17348.09,23
INV_1116,20251221,SRV_05,REG_04,CUST_03,44696.45,27
INV_1117,20240709,SRV_01,REG_02,CUST_03,73806.3,111
INV_1118,20250222,SRV_03,REG_02,CUST_01,25518.79,48
INV_1119,20240507,SRV_01,REG_03,CUST_03,52096.32,12
INV_1120,20240110,SRV_02,REG_04,CUST_01,19774.79,101
INV_1121,20240108,SRV_03,REG_01,CUST_03,38126.22,43
INV_1122,20250910,SRV_02,REG_01,CUST_01,70869.37,85
INV_1123,20250212,SRV_03,REG_01,CUST_03,61438.91,0
INV_1124,20250412,SRV_04,REG_02,CUST_01,47133.64,111
INV_1125,20250627,SRV_05,REG_03,CUST_02,33918.86,24
INV_1126,20240104,SRV_02,REG_01,CUST_01,72871.83,94
INV_1127,20241129,SRV_04,REG_04,CUST_03,34954.14,60
INV_1128,20251105,SRV_01,REG_02,CUST_02,15021.3,66
INV_1129,20250808,SRV_03,REG_03,CUST_01,26094.38,86
INV_1130,20250715,SRV_05,REG_03,CUST_02,42846.75,31
INV_1131,20240804,SRV_01,REG_04,CUST_01,70030.24,41
INV_1132,20250127,SRV_05,REG_04,CUST_02,14502.95,68
INV_1133,20251010,SRV_04,REG_01,CUST_01,70224.6,98
INV_1134,20250907,SRV_02,REG_03,CUST_02,49947.15,71
INV_1135,20250323,SRV_05,REG_04,CUST_01,28816.65,75
INV_1136,20240711,SRV_01,REG_01,CUST_03,45384.18,0
INV_1137,20241114,SRV_03,REG_03,CUST_03,58989.66,102
INV_1138,20251126,SRV_03,REG_04,CUST_03,5643.2,109
INV_1139,20250416,SRV_05,REG_02,CUST_03,52598.66,18
INV_1140,20250907,SRV_05,REG_04,CUST_02,27409.76,64
INV_1141,20251206,SRV_02,REG_03,CUST_02,63008.11,63
INV_1142,20241025,SRV_04,REG_01,CUST_01,62951.93,26
INV_1143,20240818,SRV_01,REG_03,CUST_02,32426.55,104
INV_1144,20251106,SRV_01,REG_03,CUST_03,58039.99,50
INV_1145,20240314,SRV_02,REG_03,CUST_01,14163.05,96
INV_1146,20250817,SRV_02,REG_02,CUST_03,53716.89,37
INV_1147,20240528,SRV_05,REG_04,CUST_03,55817.03,73
INV_1148,20240414,SRV_05,REG_02,CUST_01,11723.34,60
INV_1149,20240702,SRV_01,REG_03,CUST_01,48888.08,51
INV_1150,20240907,SRV_01,REG_02,CUST_02,57164.02,99
INV_1151,20251209,SRV_01,REG_03,CUST_03,49263.35,56
INV_1152,20250111,SRV_01,REG_04,CUST_03,49898.65,65
INV_1153,20240818,SRV_03,REG_01,CUST_02,57175.15,101
INV_1154,20250830,SRV_04,REG_03,CUST_03,44999.62,12
INV_1155,20241129,SRV_03,REG_04,CUST_03,43924.21,68
INV_1156,20250626,SRV_01,REG_04,CUST_01,72597.67,114
INV_1157,20240430,SRV_03,REG_03,CUST_03,13613.17,16
INV_1158,20250811,SRV_05,REG_01,CUST_01,10922.72,15
INV_1159,20250602,SRV_02,REG_04,CUST_01,26042.0,66
INV_1160,20241027,SRV_03,REG_01,CUST_02,68754.82,45
INV_1161,20250912,SRV_03,REG_04,CUST_01,7571.38,18
INV_1162,20241102,SRV_05,REG_01,CUST_03,13994.45,79
INV_1163,20250308,SRV_03,REG_02,CUST_03,36924.74,32
INV_1164,20251123,SRV_05,REG_01,CUST_02,53776.21,24
INV_1165,20250116,SRV_03,REG_02,CUST_03,74471.43,55
INV_1166,20250123,SRV_03,REG_04,CUST_02,43385.81,8
INV_1167,20241203,SRV_01,REG_01,CUST_01,65819.88,28
INV_1168,20241007,SRV_01,REG_03,CUST_01,59791.35,15
INV_1169,20240628,SRV_02,REG_04,CUST_02,29423.01,73
INV_1170,20241015,SRV_02,REG_02,CUST_03,71255.72,49
INV_1171,20240704,SRV_03,REG_03,CUST_03,46461.71,33
INV_1172,20240110,SRV_03,REG_02,CUST_03,44729.25,34
INV_1173,20240224,SRV_02,REG_03,CUST_02,37045.06,56
INV_1174,20241228,SRV_03,REG_02,CUST_03,49494.47,11
INV_1175,20241108,SRV_02,REG_04,CUST_02,21802.57,11
INV_1176,20240618,SRV_01,REG_01,CUST_02,70071.23,103
INV_1177,20240111,SRV_03,REG_03,CUST_02,52958.53,86
INV_1178,20250629,SRV_01,REG_04,CUST_02,34748.52,68
INV_1179,20241219,SRV_03,REG_03,CUST_01,52216.55,112
INV_1180,20250620,SRV_05,REG_02,CUST_02,29730.41,6
INV_1181,20250308,SRV_04,REG_04,CUST_03,68983.16,31
INV_1182,20250706,SRV_02,REG_02,CUST_01,56661.8,72
INV_1183,20250207,SRV_02,REG_04,CUST_03,67474.57,108
INV_1184,20250514,SRV_02,REG_03,CUST_03,25884.55,13
INV_1185,20240106,SRV_05,REG_03,CUST_03,18828.11,67
INV_1186,20250610,SRV_04,REG_03,CUST_01,15894.13,84
INV_1187,20240913,SRV_04,REG_03,CUST_01,42549.92,34
INV_1188,20240421,SRV_04,REG_01,CUST_02,35377.21,45
INV_1189,20251227,SRV_01,REG_04,CUST_01,32618.22,95
INV_1190,20241205,SRV_05,REG_01,CUST_01,34476.67,70
INV_1191,20250522,SRV_05,REG_03,CUST_02,55819.62,94
INV_1192,20250202,SRV_01,REG_02,CUST_01,29088.44,1
INV_1193,20251201,SRV_01,REG_04,CUST_03,38613.51,36
INV_1194,20250512,SRV_04,REG_02,CUST_01,24679.72,14
INV_1195,20240926,SRV_05,REG_03,CUST_02,59790.18,13
INV_1196,20251218,SRV_03,REG_02,CUST_01,13432.28,51
INV_1197,20240209,SRV_05,REG_02,CUST_01,65504.51,48
INV_1198,20250221,SRV_02,REG_02,CUST_03,34825.31,7
INV_1199,20250606,SRV_01,REG_01,CUST_03,54810.99,31
INV_1200,20241123,SRV_05,REG_04,CUST_02,57132.83,27
INV_1201,20241019,SRV_02,REG_02,CUST_03,71382.97,46
INV_1202,20241208,SRV_01,REG_04,CUST_02,43623.78,110
INV_1203,20240513,SRV_02,REG_01,CUST_01,50517.38,26
INV_1204,20250821,SRV_01,REG_04,CUST_01,46059.3,113
INV_1205,20251101,SRV_05,REG_04,CUST_02,48330.73,38
INV_1206,20250430,SRV_03,REG_02,CUST_03,43534.7,32
INV_1207,20250727,SRV_02,REG_03,CUST_01,38797.44,67
INV_1208,20250530,SRV_05,REG_02,CUST_03,8181.17,72
INV_1209,20240303,SRV_05,REG_04,CUST_01,35642.15,65
INV_1210,20250128,SRV_04,REG_02,CUST_01,16200.21,27
INV_1211,20250829,SRV_01,REG_03,CUST_02,54542.78,67
INV_1212,20240922,SRV_05,REG_04,CUST_01,20675.06,68
INV_1213,20240831,SRV_01,REG_01,CUST_01,23930.44,101
INV_1214,20240222,SRV_05,REG_04,CUST_01,50405.19,80
INV_1215,20250911,SRV_02,REG_01,CUST_02,14352.81,114
INV_1216,20250918,SRV_02,REG_04,CUST_03,20349.57,35
INV_1217,20240629,SRV_01,REG_04,CUST_02,57203.89,48
INV_1218,20251031,SRV_03,REG_02,CUST_03,23815.55,74
INV_1219,20251006,SRV_05,REG_03,CUST_03,15383.39,61
INV_1220,20240405,SRV_05,REG_02,CUST_01,44876.06,93
INV_1221,20240703,SRV_02,REG_02,CUST_01,62224.94,87
INV_1222,20250914,SRV_01,REG_03,CUST_01,36851.69,82
INV_1223,20250216,SRV_03,REG_04,CUST_02,11981.1,49
INV_1224,20240122,SRV_01,REG_04,CUST_01,22384.01,10
INV_1225,20241001,SRV_03,REG_04,CUST_01,42965.91,104
INV_1226,20241212,SRV_01,REG_03,CUST_01,26516.95,61
INV_1227,20240607,SRV_01,REG_04,CUST_01,62744.74,13
INV_1228,20250711,SRV_01,REG_02,CUST_01,68851.69,3
INV_1229,20240820,SRV_04,REG_01,CUST_01,69518.36,87
INV_1230,20250128,SRV_01,REG_02,CUST_01,71952.65,36
INV_1231,20241231,SRV_03,REG_04,CUST_01,47315.45,22
INV_1232,20250314,SRV_02,REG_02,CUST_02,53101.25,79
INV_1233,20241020,SRV_01,REG_01,CUST_03,61750.36,91
INV_1234,20240319,SRV_05,REG_02,CUST_03,36268.68,101
INV_1235,20250504,SRV_01,REG_01,CUST_01,11331.29,16
INV_1236,20240705,SRV_02,REG_03,CUST_02,60545.11,42
INV_1237,20240521,SRV_05,REG_03,CUST_02,42534.88,29
INV_1238,20250128,SRV_03,REG_02,CUST_02,11107.52,46
INV_1239,20240103,SRV_01,REG_02,CUST_01,9170.42,44
INV_1240,20250104,SRV_02,REG_03,CUST_01,19751.62,28
INV_1241,20240227,SRV_05,REG_02,CUST_03,56315.71,89
INV_1242,20250310,SRV_01,REG_04,CUST_03,63620.6,111
INV_1243,20240610,SRV_05,REG_04,CUST_01,44842.82,104
INV_1244,20250302,SRV_05,REG_01,CUST_03,33806.57,43
INV_1245,20250330,SRV_01,REG_04,CUST_02,57579.31,64
INV_1246,20240613,SRV_04,REG_03,CUST_02,54798.47,33
INV_1247,20250808,SRV_02,REG_02,CUST_03,73118.56,66
INV_1248,20250121,SRV_05,REG_03,CUST_01,62575.35,71
INV_1249,20250911,SRV_04,REG_03,CUST_03,16537.71,102
INV_1250,20250115,SRV_04,REG_04,CUST_01,10446.6,77
INV_1251,20241209,SRV_05,REG_04,CUST_01,46797.75,96
INV_1252,20241112,SRV_03,REG_02,CUST_03,10952.75,72
INV_1253,20250801,SRV_03,REG_04,CUST_03,11524.77,39
INV_1254,20240109,SRV_02,REG_01,CUST_03,55798.17,16
INV_1255,20251220,SRV_01,REG_04,CUST_02,61524.6,19
INV_1256,20240125,SRV_04,REG_04,CUST_03,16285.61,87
INV_1257,20250419,SRV_01,REG_02,CUST_02,50795.41,98
INV_1258,20240613,SRV_03,REG_01,CUST_03,59974.63,43
INV_1259,20241024,SRV_03,REG_03,CUST_01,19617.44,78
INV_1260,20250913,SRV_05,REG_04,CUST_01,14983.58,111
INV_1261,20241112,SRV_01,REG_02,CUST_03,16303.07,35
INV_1262,20250813,SRV_02,REG_02,CUST_02,59035.84,33
INV_1263,20250429,SRV_04,REG_04,CUST_02,39178.13,46
INV_1264,20241020,SRV_04,REG_02,CUST_03,30671.26,108
INV_1265,20251001,SRV_02,REG_03,CUST_02,36506.46,112
INV_1266,20251129,SRV_03,REG_02,CUST_02,62486.45,1
INV_1267,20240607,SRV_02,REG_04,CUST_01,32175.61,59
INV_1268,20251116,SRV_02,REG_03,CUST_01,11007.58,93
INV_1269,20240420,SRV_04,REG_01,CUST_01,27209.94,77
INV_1270,20250512,SRV_04,REG_03,CUST_01,43155.69,60
INV_1271,20240529,SRV_05,REG_03,CUST_01,70552.18,46
INV_1272,20250316,SRV_05,REG_04,CUST_02,34604.42,32
INV_1273,20251012,SRV_01,REG_01,CUST_03,10719.64,111
INV_1274,20251230,SRV_04,REG_01,CUST_01,63138.44,11
INV_1275,20250314,SRV_02,REG_01,CUST_03,38713.77,68
INV_1276,20251206,SRV_04,REG_03,CUST_01,44263.59,114
INV_1277,20250903,SRV_01,REG_02,CUST_03,51484.41,105
INV_1278,20241120,SRV_05,REG_03,CUST_03,12952.48,86
INV_1279,20250220,SRV_03,REG_02,CUST_02,36453.01,74
INV_1280,20240409,SRV_05,REG_02,CUST_02,31428.96,44
INV_1281,20240802,SRV_03,REG_01,CUST_01,26136.11,39
INV_1282,20250529,SRV_04,REG_03,CUST_03,29654.79,69
INV_1283,20250312,SRV_02,REG_02,CUST_03,34986.85,22
INV_1284,20250720,SRV_05,REG_03,CUST_02,24827.39,79
INV_1285,20240411,SRV_01,REG_04,CUST_02,70274.77,13
INV_1286,20250523,SRV_03,REG_03,CUST_02,45686.35,4
INV_1287,20251114,SRV_04,REG_03,CUST_01,18689.22,60
INV_1288,20240507,SRV_04,REG_03,CUST_01,70773.18,100
INV_1289,20240817,SRV_02,REG_01,CUST_03,52131.06,0
INV_1290,20250228,SRV_01,REG_01,CUST_02,62402.41,76
INV_1291,20241121,SRV_05,REG_02,CUST_02,73144.32,24
INV_1292,20250923,SRV_04,REG_03,CUST_01,70757.42,49
INV_1293,20240626,SRV_02,REG_04,CUST_02,61082.04,64
INV_1294,20240501,SRV_03,REG_01,CUST_02,16133.72,41
INV_1295,20240727,SRV_01,REG_04,CUST_02,58902.26,19
INV_1296,20240129,SRV_03,REG_03,CUST_01,56963.77,16
INV_1297,20250409,SRV_02,REG_02,CUST_03,18568.02,107
INV_1298,20240908,SRV_04,REG_01,CUST_01,70448.31,80
INV_1299,20240124,SRV_03,REG_04,CUST_01,14928.48,33
INV_1300,20240703,SRV_01,REG_02,CUST_03,12047.02,101
INV_1301,20240123,SRV_01,REG_02,CUST_02,34393.5,113
INV_1302,20241117,SRV_04,REG_04,CUST_01,51176.65,80
INV_1303,20250913,SRV_01,REG_03,CUST_02,46999.5,0
INV_1304,20240611,SRV_02,REG_04,CUST_02,6612.67,65
INV_1305,20240605,SRV_02,REG_02,CUST_01,27927.78,28
INV_1306,20240326,SRV_05,REG_04,CUST_03,54565.85,83
INV_1307,20241028,SRV_04,REG_02,CUST_03,17107.17,87
INV_1308,20241014,SRV_01,REG_01,CUST_01,60586.97,92
INV_1309,20250514,SRV_04,REG_01,CUST_02,12529.14,49
INV_1310,20250315,SRV_03,REG_04,CUST_03,16707.43,4
INV_1311,20250607,SRV_03,REG_01,CUST_03,7095.8,23
INV_1312,20241126,SRV_05,REG_01,CUST_03,15152.78,40
INV_1313,20240505,SRV_02,REG_02,CUST_03,44722.85,41
INV_1314,20240826,SRV_01,REG_02,CUST_01,44267.11,91
INV_1315,20250914,SRV_01,REG_03,CUST_03,61937.61,25
INV_1316,20240720,SRV_04,REG_03,CUST_01,13686.49,21
INV_1317,20250907,SRV_03,REG_01,CUST_01,50056.66,109
INV_1318,20250812,SRV_04,REG_03,CUST_01,67708.07,67
INV_1319,20240210,SRV_01,REG_04,CUST_03,55627.76,35
INV_1320,20241120,SRV_04,REG_01,CUST_03,47862.45,50
INV_1321,20241101,SRV_04,REG_04,CUST_03,70639.26,13
INV_1322,20240130,SRV_01,REG_01,CUST_02,55697.74,28
INV_1323,20240623,SRV_05,REG_04,CUST_02,65761.04,33
INV_1324,20240214,SRV_01,REG_01,CUST_02,47892.54,103
INV_1325,20250123,SRV_05,REG_04,CUST_01,27353.29,18
INV_1326,20250821,SRV_04,REG_02,CUST_02,38454.88,62
INV_1327,20241014,SRV_04,REG_01,CUST_02,10795.6,71
INV_1328,20240905,SRV_05,REG_03,CUST_01,19873.28,85
INV_1329,20240809,SRV_04,REG_04,CUST_03,19606.3,75
INV_1330,20250624,SRV_02,REG_03,CUST_02,15779.92,64
INV_1331,20240418,SRV_05,REG_03,CUST_02,40942.48,99
INV_1332,20250213,SRV_01,REG_01,CUST_02,50386.81,18
INV_1333,20250417,SRV_01,REG_02,CUST_03,7001.04,84
INV_1334,20250627,SRV_02,REG_04,CUST_03,35203.15,19
INV_1335,20250210,SRV_04,REG_01,CUST_03,11846.89,83
INV_1336,20250126,SRV_04,REG_02,CUST_03,17365.16,35
INV_1337,20250626,SRV_04,REG_04,CUST_02,22426.1,14
INV_1338,20240812,SRV_01,REG_02,CUST_01,42249.22,35
INV_1339,20240819,SRV_04,REG_01,CUST_03,19399.38,100
INV_1340,20240727,SRV_02,REG_04,CUST_01,17955.52,89
INV_1341,20250929,SRV_02,REG_02,CUST_03,52700.97,21
INV_1342,20240710,SRV_04,REG_04,CUST_02,38222.05,42
INV_1343,20240122,SRV_02,REG_04,CUST_02,29650.06,60
INV_1344,20250820,SRV_04,REG_04,CUST_01,44708.67,37
INV_1345,20240821,SRV_03,REG_02,CUST_01,11999.47,102
INV_1346,20241209,SRV_04,REG_01,CUST_02,39054.53,46
INV_1347,20250414,SRV_02,REG_03,CUST_01,23895.62,66
INV_1348,20251017,SRV_05,REG_02,CUST_03,39848.26,31
INV_1349,20250814,SRV_04,REG_02,CUST_03,49711.36,35
INV_1350,20251003,SRV_03,REG_02,CUST_03,68722.91,44
INV_1351,20241205,SRV_03,REG_01,CUST_01,7877.0,66
INV_1352,20251219,SRV_03,REG_03,CUST_02,72770.71,101
INV_1353,20241221,SRV_01,REG_02,CUST_03,52664.61,66
INV_1354,20241023,SRV_03,REG_01,CUST_01,60984.95,1
INV_1355,20250409,SRV_05,REG_04,CUST_03,26407.51,55
INV_1356,20241226,SRV_01,REG_02,CUST_03,66510.55,100
INV_1357,20250529,SRV_03,REG_04,CUST_02,23946.82,93
INV_1358,20240720,SRV_03,REG_04,CUST_03,70305.43,31
INV_1359,20251125,SRV_04,REG_04,CUST_03,69413.59,76
INV_1360,20241114,SRV_03,REG_02,CUST_02,58736.23,32
INV_1361,20240518,SRV_03,REG_01,CUST_01,25813.39,80
INV_1362,20250417,SRV_05,REG_03,CUST_01,14702.69,56
INV_1363,20251211,SRV_03,REG_03,CUST_03,34936.84,53
INV_1364,20250224,SRV_01,REG_03,CUST_01,57909.95,78
INV_1365,20241105,SRV_03,REG_01,CUST_01,57873.46,50
INV_1366,20240508,SRV_01,REG_03,CUST_01,10926.14,34
INV_1367,20251027,SRV_02,REG_03,CUST_02,28191.53,7
INV_1368,20240504,SRV_03,REG_04,CUST_02,19354.51,18
INV_1369,20250729,SRV_04,REG_02,CUST_03,48976.76,92
INV_1370,20240107,SRV_03,REG_04,CUST_01,47265.35,15
INV_1371,20250616,SRV_05,REG_03,CUST_03,8895.72,15
INV_1372,20241103,SRV_04,REG_01,CUST_02,52692.43,109
INV_1373,20251104,SRV_01,REG_02,CUST_01,62298.51,84
INV_1374,20240903,SRV_03,REG_03,CUST_03,25302.53,85
INV_1375,20240412,SRV_04,REG_03,CUST_02,60989.86,59
INV_1376,20250302,SRV_05,REG_03,CUST_01,44494.64,1
INV_1377,20250817,SRV_01,REG_03,CUST_01,68567.58,45
INV_1378,20240522,SRV_04,REG_01,CUST_02,64908.77,64
INV_1379,20240803,SRV_03,REG_02,CUST_03,50915.34,72
INV_1380,20241213,SRV_05,REG_01,CUST_03,9774.71,107
INV_1381,20251022,SRV_04,REG_02,CUST_02,54595.01,64
INV_1382,20251105,SRV_02,REG_01,CUST_02,71863.62,44
INV_1383,20250821,SRV_04,REG_04,CUST_02,16142.58,12
INV_1384,20251112,SRV_04,REG_02,CUST_02,60692.35,13
INV_1385,20240627,SRV_04,REG_04,CUST_01,47833.25,14
INV_1386,20240208,SRV_01,REG_04,CUST_01,27481.15,89
INV_1387,20250405,SRV_05,REG_02,CUST_01,22674.65,56
INV_1388,20251126,SRV_05,REG_02,CUST_01,45747.56,80
INV_1389,20251115,SRV_05,REG_02,CUST_01,30169.27,52
INV_1390,20250804,SRV_01,REG_03,CUST_01,63268.2,73
INV_1391,20250430,SRV_02,REG_02,CUST_01,35721.46,80
INV_1392,20250120,SRV_03,REG_01,CUST_01,13254.92,29
INV_1393,20240222,SRV_03,REG_01,CUST_03,32329.85,45
INV_1394,20240310,SRV_02,REG_02,CUST_02,70226.63,64
INV_1395,20241115,SRV_03,REG_04,CUST_02,37968.51,33
INV_1396,20251030,SRV_01,REG_01,CUST_01,14750.2,70
INV_1397,20241203,SRV_01,REG_04,CUST_03,73673.92,53
INV_1398,20250904,SRV_03,REG_03,CUST_01,23935.59,5
INV_1399,20240416,SRV_04,REG_03,CUST_03,26239.28,108
INV_1400,20240821,SRV_01,REG_02,CUST_02,47569.72,48
INV_1401,20251129,SRV_01,REG_03,CUST_02,13766.62,89
INV_1402,20250313,SRV_05,REG_04,CUST_02,73777.42,47
INV_1403,20241226,SRV_02,REG_02,CUST_01,46203.22,29
INV_1404,20250226,SRV_03,REG_04,CUST_02,22494.57,7
INV_1405,20240319,SRV_05,REG_01,CUST_03,47169.12,113
INV_1406,20240907,SRV_05,REG_04,CUST_02,10376.27,32
INV_1407,20250710,SRV_04,REG_02,CUST_03,54919.37,46
INV_1408,20250718,SRV_05,REG_04,CUST_01,29264.48,52
INV_1409,20251223,SRV_04,REG_02,CUST_02,21137.51,94
INV_1410,20250720,SRV_01,REG_02,CUST_01,73453.68,89
INV_1411,20250326,SRV_04,REG_04,CUST_03,24457.71,49
INV_1412,20241103,SRV_01,REG_03,CUST_01,65394.1,49
INV_1413,20250330,SRV_05,REG_03,CUST_02,8658.18,39
INV_1414,20240202,SRV_02,REG_01,CUST_03,61717.06,75
INV_1415,20240809,SRV_02,REG_03,CUST_02,69999.65,96
INV_1416,20240228,SRV_03,REG_01,CUST_02,37445.18,73
INV_1417,20250804,SRV_02,REG_03,CUST_03,57194.37,30
INV_1418,20240515,SRV_02,REG_04,CUST_01,58993.74,37
INV_1419,20241211,SRV_04,REG_01,CUST_03,23812.31,32
INV_1420,20251030,SRV_01,REG_01,CUST_03,64331.49,56
INV_1421,20250418,SRV_04,REG_04,CUST_03,38614.55,108
INV_1422,20250723,SRV_04,REG_04,CUST_03,67793.1,70
INV_1423,20241117,SRV_04,REG_01,CUST_03,65833.88,16
INV_1424,20240820,SRV_05,REG_04,CUST_01,13011.26,4
INV_1425,20240707,SRV_03,REG_04,CUST_02,55215.04,7
INV_1426,20240922,SRV_01,REG_01,CUST_02,55282.35,76
INV_1427,20240828,SRV_01,REG_03,CUST_01,40772.49,30
INV_1428,20240727,SRV_03,REG_03,CUST_01,49932.09,112
INV_1429,20241016,SRV_01,REG_01,CUST_03,67817.46,47
INV_1430,20250426,SRV_03,REG_01,CUST_01,25361.08,19
INV_1431,20250828,SRV_01,REG_01,CUST_01,31518.78,74
INV_1432,20240203,SRV_05,REG_04,CUST_01,72103.76,28
INV_1433,20250801,SRV_03,REG_04,CUST_02,60874.39,77
INV_1434,20250428,SRV_03,REG_02,CUST_02,25514.57,31
INV_1435,20241202,SRV_02,REG_04,CUST_02,21873.25,93
INV_1436,20250223,SRV_01,REG_01,CUST_02,38890.82,29
INV_1437,20250404,SRV_05,REG_02,CUST_02,22146.08,52
INV_1438,20251121,SRV_05,REG_01,CUST_03,13257.48,52
INV_1439,20250307,SRV_05,REG_02,CUST_01,66348.4,1
INV_1440,20240619,SRV_04,REG_03,CUST_02,12069.68,111
INV_1441,20240204,SRV_01,REG_02,CUST_02,65681.6,49
INV_1442,20250308,SRV_05,REG_01,CUST_01,28576.58,105
INV_1443,20241210,SRV_03,REG_04,CUST_01,56712.39,45
INV_1444,20250404,SRV_04,REG_03,CUST_02,14422.39,23
INV_1445,20250826,SRV_01,REG_04,CUST_02,46513.38,86
INV_1446,20251026,SRV_04,REG_01,CUST_01,21258.45,63
INV_1447,20241215,SRV_03,REG_03,CUST_03,27596.01,40
INV_1448,20240701,SRV_01,REG_02,CUST_03,41339.45,73
INV_1449,20250922,SRV_01,REG_01,CUST_03,39064.5,28
INV_1450,20240622,SRV_02,REG_02,CUST_02,24504.01,12
INV_1451,20240730,SRV_03,REG_04,CUST_02,42654.11,24
INV_1452,20240107,SRV_01,REG_03,CUST_02,36137.73,16
INV_1453,20250409,SRV_01,REG_04,CUST_03,67221.58,63
INV_1454,20240926,SRV_05,REG_04,CUST_03,61254.88,95
INV_1455,20240815,SRV_01,REG_01,CUST_03,49143.68,65
INV_1456,20251119,SRV_02,REG_04,CUST_02,60593.82,40
INV_1457,20240713,SRV_01,REG_02,CUST_01,46044.04,111
INV_1458,20240813,SRV_05,REG_02,CUST_02,39770.85,16
INV_1459,20240722,SRV_01,REG_02,CUST_01,35402.31,62
INV_1460,20250725,SRV_05,REG_01,CUST_02,31620.32,74
INV_1461,20240828,SRV_02,REG_02,CUST_03,63848.43,112
INV_1462,20241026,SRV_04,REG_01,CUST_02,38667.13,12
INV_1463,20240812,SRV_02,REG_02,CUST_02,34740.57,22
INV_1464,20250420,SRV_01,REG_02,CUST_03,63808.46,110
INV_1465,20250515,SRV_04,REG_01,CUST_02,20057.43,108
INV_1466,20250222,SRV_03,REG_01,CUST_03,32396.49,56
INV_1467,20250311,SRV_02,REG_02,CUST_03,49538.63,5
INV_1468,20241111,SRV_04,REG_02,CUST_02,12722.09,78
INV_1469,20250917,SRV_05,REG_04,CUST_03,11317.69,90
INV_1470,20241207,SRV_03,REG_04,CUST_02,19732.44,68
INV_1471,20240722,SRV_03,REG_01,CUST_01,68745.76,42
INV_1472,20250227,SRV_03,REG_04,CUST_01,57858.53,67
INV_1473,20240414,SRV_04,REG_01,CUST_03,6697.11,80
INV_1474,20251205,SRV_01,REG_03,CUST_02,33052.57,104
INV_1475,20241003,SRV_01,REG_03,CUST_01,6031.92,106
INV_1476,20250708,SRV_05,REG_03,CUST_01,63203.02,109
INV_1477,20241115,SRV_04,REG_01,CUST_03,19186.67,33
INV_1478,20251102,SRV_04,REG_02,CUST_03,44269.74,61
INV_1479,20241018,SRV_03,REG_03,CUST_02,32555.16,47
INV_1480,20250713,SRV_01,REG_04,CUST_03,58984.41,57
INV_1481,20250113,SRV_03,REG_01,CUST_03,15063.99,80
INV_1482,20240326,SRV_03,REG_03,CUST_02,22497.83,18
INV_1483,20250216,SRV_04,REG_02,CUST_01,58718.59,32
INV_1484,20250225,SRV_02,REG_03,CUST_01,23770.14,26
INV_1485,20250729,SRV_03,REG_02,CUST_03,37296.04,61
INV_1486,20250610,SRV_01,REG_04,CUST_03,13909.77,1
INV_1487,20240614,SRV_01,REG_03,CUST_01,7734.34,54
INV_1488,20250522,SRV_03,REG_03,CUST_03,5648.1,15
INV_1489,20250321,SRV_02,REG_01,CUST_02,50515.45,18
INV_1490,20241024,SRV_05,REG_01,CUST_02,47316.24,60
INV_1491,20250418,SRV_02,REG_02,CUST_01,41706.49,106
INV_1492,20250430,SRV_02,REG_04,CUST_01,26828.84,24
INV_1493,20240723,SRV_01,REG_04,CUST_02,37808.59,20
INV_1494,20240309,SRV_03,REG_04,CUST_01,24220.64,105
INV_1495,20250312,SRV_02,REG_01,CUST_02,42871.19,84
INV_1496,20240726,SRV_03,REG_02,CUST_03,17482.77,72
INV_1497,20240414,SRV_03,REG_01,CUST_02,59038.51,75
INV_1498,20250911,SRV_03,REG_02,CUST_01,59835.54,27
INV_1499,20240403,SRV_05,REG_03,CUST_01,27633.65,114
INV_1500,20240223,SRV_03,REG_03,CUST_03,26179.08,97
